{"type":"FeatureCollection","name":"provinces","features":[{"type":"Feature","properties":{"CPRO":"08","province_name":"Barcelona"},"geometry":{"type":"MultiPolygon","coordinates":[[[[1.730955,41.215551],[1.729391,41.215182],[1.729003,41.214272],[1.729908,41.214089],[1.728414,41.213548],[1.729756,41.21001],[1.731536,41.210223],[1.729414,41.209562],[1.728413,41.212206],[1.722989,41.212727],[1.71696,41.212111],[1.713127,41.210214],[1.712808,41.210596],[1.707521,41.207374],[1.702808,41.207989],[1.697732,41.207865],[1.688009,41.20428],[1.68383,41.202354],[1.683776,41.201763],[1.683296,41.202061],[1.680795,41.200919],[1.680906,41.200636],[1.680602,41.20089],[1.67903,41.199919],[1.679376,41.19941],[1.678904,41.199817],[1.675668,41.19857],[1.645573,41.195623],[1.642594,41.199516],[1.641165,41.203741],[1.641588,41.211738],[1.646893,41.211883],[1.646646,41.20857],[1.649729,41.208671],[1.652607,41.207052],[1.653502,41.207404],[1.648205,41.212227],[1.647966,41.216423],[1.6443,41.220381],[1.646435,41.228804],[1.64133,41.235358],[1.638987,41.234606],[1.636089,41.231588],[1.634459,41.230962],[1.634198,41.228963],[1.632667,41.228566],[1.631435,41.224457],[1.624362,41.22293],[1.621758,41.223206],[1.618121,41.225244],[1.614518,41.225912],[1.615282,41.228464],[1.614563,41.229582],[1.609565,41.231108],[1.606391,41.233286],[1.602907,41.234813],[1.5939,41.233931],[1.590497,41.235409],[1.584415,41.237129],[1.583458,41.236068],[1.581995,41.237162],[1.579053,41.241142],[1.576282,41.248258],[1.575891,41.249669],[1.576638,41.251809],[1.575367,41.256155],[1.570507,41.260724],[1.576957,41.258937],[1.585383,41.257422],[1.594655,41.258959],[1.593834,41.257976],[1.59656,41.256696],[1.595283,41.255495],[1.596542,41.255076],[1.59955,41.256287],[1.597319,41.253405],[1.602852,41.253355],[1.605598,41.251858],[1.606318,41.25038],[1.611757,41.25053],[1.613098,41.250946],[1.613003,41.251625],[1.616905,41.252484],[1.61807,41.254618],[1.620056,41.253691],[1.622338,41.254922],[1.621327,41.256485],[1.624214,41.262545],[1.62267,41.263831],[1.623222,41.266735],[1.62781,41.269513],[1.626252,41.272972],[1.623961,41.27381],[1.624084,41.276245],[1.621812,41.276184],[1.620358,41.277053],[1.626332,41.280009],[1.626362,41.281268],[1.629536,41.28277],[1.628412,41.284264],[1.629393,41.28598],[1.629894,41.288841],[1.627438,41.291076],[1.628132,41.294649],[1.633763,41.294414],[1.637143,41.295943],[1.633515,41.298484],[1.631559,41.298859],[1.628108,41.295993],[1.62524,41.296629],[1.616717,41.2931],[1.614539,41.290495],[1.61439,41.287864],[1.612408,41.285152],[1.609281,41.28534],[1.607731,41.287231],[1.607047,41.286158],[1.603111,41.286721],[1.602777,41.287556],[1.604722,41.288232],[1.604509,41.288944],[1.599375,41.289268],[1.596207,41.292265],[1.592844,41.292141],[1.590657,41.293469],[1.588574,41.293552],[1.588497,41.29398],[1.590507,41.295746],[1.590302,41.29758],[1.591523,41.300871],[1.595985,41.307609],[1.595857,41.308838],[1.59451,41.309721],[1.594592,41.310555],[1.592728,41.311548],[1.587318,41.312232],[1.578594,41.315894],[1.575102,41.315142],[1.573723,41.317277],[1.574568,41.322357],[1.574073,41.324835],[1.570393,41.328061],[1.568901,41.330471],[1.569547,41.332525],[1.566138,41.339639],[1.561627,41.342448],[1.559011,41.343137],[1.559917,41.344812],[1.56687,41.350433],[1.573966,41.355346],[1.579138,41.356337],[1.578384,41.357348],[1.578967,41.358144],[1.578138,41.358438],[1.578114,41.360133],[1.57754,41.360803],[1.578609,41.361231],[1.578313,41.362447],[1.574446,41.363214],[1.573803,41.362393],[1.571462,41.361217],[1.570853,41.361405],[1.570641,41.364528],[1.569532,41.364904],[1.569379,41.365434],[1.570757,41.366513],[1.569805,41.367254],[1.569704,41.368364],[1.56854,41.368655],[1.568011,41.369287],[1.563616,41.369166],[1.563321,41.369735],[1.560135,41.367935],[1.556211,41.368568],[1.554378,41.367992],[1.552509,41.368102],[1.546979,41.373814],[1.547861,41.376174],[1.546132,41.379322],[1.54213,41.380732],[1.542016,41.381322],[1.537168,41.38535],[1.535638,41.385365],[1.532851,41.387051],[1.53133,41.387363],[1.531445,41.387647],[1.523085,41.38777],[1.51921,41.388787],[1.515548,41.390975],[1.515118,41.391847],[1.512217,41.39432],[1.509642,41.39443],[1.506526,41.392779],[1.505548,41.391431],[1.502853,41.391879],[1.50052,41.390647],[1.496148,41.389323],[1.495197,41.389928],[1.494484,41.389641],[1.492765,41.387772],[1.491748,41.387938],[1.488326,41.384254],[1.485869,41.38381],[1.48483,41.382266],[1.48257,41.382615],[1.478882,41.381832],[1.477849,41.382971],[1.476619,41.382127],[1.474805,41.382522],[1.473939,41.380881],[1.473392,41.380749],[1.474059,41.382794],[1.476577,41.383957],[1.477078,41.385504],[1.480658,41.387831],[1.480829,41.391183],[1.481791,41.393523],[1.481732,41.396838],[1.482533,41.397176],[1.48281,41.398597],[1.488969,41.400004],[1.490518,41.401474],[1.48781,41.407126],[1.487264,41.409957],[1.485426,41.412613],[1.485111,41.41394],[1.482106,41.416677],[1.482204,41.418447],[1.484192,41.420567],[1.483725,41.42126],[1.484148,41.42218],[1.480715,41.422368],[1.477429,41.42346],[1.47663,41.426976],[1.475448,41.429444],[1.478035,41.433133],[1.481577,41.431924],[1.48369,41.430293],[1.485093,41.432075],[1.487112,41.433067],[1.490279,41.433718],[1.491527,41.435316],[1.495554,41.4356],[1.479575,41.435513],[1.476013,41.436085],[1.473908,41.438868],[1.468837,41.443955],[1.472157,41.447166],[1.479587,41.452864],[1.483531,41.457824],[1.487097,41.464744],[1.486627,41.465563],[1.487525,41.466257],[1.4874,41.469117],[1.486886,41.469821],[1.486001,41.470009],[1.486557,41.470608],[1.485959,41.471487],[1.48619,41.471883],[1.484995,41.472092],[1.484915,41.474913],[1.479942,41.476062],[1.475028,41.479459],[1.476525,41.482588],[1.474287,41.48625],[1.469764,41.484562],[1.465961,41.483936],[1.464314,41.4868],[1.460368,41.488277],[1.453897,41.487682],[1.452309,41.486348],[1.451591,41.490023],[1.450123,41.492186],[1.446398,41.494807],[1.437343,41.498291],[1.422896,41.49965],[1.422178,41.503342],[1.419113,41.502308],[1.415678,41.505339],[1.413792,41.504899],[1.412686,41.505202],[1.411673,41.504746],[1.408333,41.505118],[1.407676,41.506025],[1.404959,41.506598],[1.401293,41.51206],[1.396701,41.512884],[1.39897,41.514013],[1.399149,41.515762],[1.398282,41.518181],[1.39833,41.519764],[1.400883,41.521197],[1.399815,41.523822],[1.401127,41.5255],[1.40103,41.527071],[1.399894,41.52851],[1.402107,41.529163],[1.402975,41.530832],[1.405055,41.530581],[1.405011,41.532041],[1.406423,41.533599],[1.408307,41.534166],[1.409077,41.53492],[1.425957,41.531865],[1.436539,41.539227],[1.448938,41.537064],[1.449642,41.545392],[1.447077,41.55238],[1.438046,41.550037],[1.434869,41.550205],[1.432699,41.551414],[1.432497,41.553196],[1.431383,41.555652],[1.439965,41.562983],[1.454838,41.569177],[1.449775,41.572102],[1.44783,41.573807],[1.44553,41.573842],[1.4409,41.575381],[1.436068,41.576271],[1.433524,41.578863],[1.427156,41.58009],[1.420036,41.582598],[1.415813,41.582391],[1.412571,41.580229],[1.410916,41.575476],[1.395824,41.577486],[1.393202,41.575084],[1.392678,41.578309],[1.393041,41.579772],[1.395926,41.584812],[1.402139,41.58605],[1.405988,41.588514],[1.407398,41.59054],[1.406688,41.593322],[1.407161,41.596572],[1.406995,41.600469],[1.393719,41.599465],[1.38489,41.602639],[1.383918,41.603514],[1.380268,41.604716],[1.37468,41.607585],[1.374431,41.611701],[1.371015,41.61229],[1.370032,41.613012],[1.368974,41.610324],[1.361092,41.612101],[1.359976,41.61353],[1.369251,41.617247],[1.369607,41.621276],[1.380066,41.62492],[1.386604,41.625949],[1.38774,41.631011],[1.39203,41.634079],[1.412331,41.635218],[1.422048,41.634798],[1.424181,41.631763],[1.430647,41.629802],[1.431572,41.634008],[1.440437,41.63552],[1.44383,41.634425],[1.448674,41.636092],[1.4505,41.646556],[1.445202,41.645807],[1.439856,41.647833],[1.439691,41.648577],[1.433469,41.651321],[1.430876,41.655347],[1.426011,41.66091],[1.425714,41.66953],[1.415396,41.674574],[1.419306,41.676431],[1.423748,41.684111],[1.420251,41.685479],[1.41642,41.685321],[1.414553,41.684709],[1.409186,41.685626],[1.407395,41.685434],[1.40467,41.686151],[1.404546,41.694881],[1.39623,41.696083],[1.40069,41.704393],[1.398249,41.705594],[1.382279,41.705747],[1.401162,41.719556],[1.416962,41.72878],[1.419739,41.732635],[1.425205,41.732766],[1.425591,41.734705],[1.422369,41.735397],[1.422683,41.735943],[1.421088,41.736347],[1.421125,41.737408],[1.41589,41.74014],[1.416282,41.740422],[1.415099,41.740872],[1.414585,41.740037],[1.412083,41.741421],[1.411667,41.740789],[1.40569,41.74444],[1.406151,41.744845],[1.404845,41.745274],[1.404335,41.744492],[1.40338,41.745294],[1.404067,41.748824],[1.407759,41.752698],[1.410243,41.759806],[1.411854,41.766289],[1.410654,41.767371],[1.410456,41.768342],[1.411256,41.77492],[1.414243,41.77621],[1.415896,41.775921],[1.418941,41.786437],[1.418876,41.787943],[1.42131,41.790623],[1.421968,41.79319],[1.421012,41.793461],[1.420817,41.792542],[1.4199,41.791992],[1.417802,41.793324],[1.417362,41.79462],[1.420199,41.797374],[1.42667,41.801869],[1.433995,41.801829],[1.440305,41.800666],[1.443039,41.800713],[1.451511,41.797765],[1.456498,41.798714],[1.45821,41.798756],[1.459287,41.797985],[1.460709,41.797848],[1.465822,41.798342],[1.47144,41.800924],[1.472595,41.800221],[1.471897,41.796593],[1.472155,41.792018],[1.470944,41.789652],[1.469949,41.788845],[1.469897,41.787406],[1.471358,41.786791],[1.473852,41.782525],[1.470176,41.781912],[1.469281,41.779588],[1.469649,41.779168],[1.469127,41.778756],[1.461608,41.777194],[1.461476,41.776677],[1.46516,41.775165],[1.467446,41.775517],[1.466948,41.77424],[1.46867,41.770986],[1.470883,41.771503],[1.470446,41.772303],[1.471936,41.771759],[1.471731,41.771244],[1.473219,41.771366],[1.474471,41.772938],[1.478948,41.773664],[1.479874,41.771926],[1.482945,41.771122],[1.484124,41.771643],[1.484177,41.772415],[1.482767,41.773227],[1.483046,41.774125],[1.481831,41.774992],[1.482943,41.776101],[1.488021,41.777325],[1.48432,41.786167],[1.484718,41.788088],[1.484369,41.78911],[1.482804,41.790999],[1.488198,41.788816],[1.492187,41.788569],[1.49413,41.789682],[1.495582,41.789292],[1.496688,41.789789],[1.501157,41.789181],[1.505192,41.787879],[1.506719,41.779806],[1.508601,41.774068],[1.50936,41.77357],[1.511126,41.773537],[1.512405,41.772559],[1.512334,41.771895],[1.5107,41.771239],[1.512412,41.770614],[1.514348,41.770781],[1.516237,41.770265],[1.519272,41.770848],[1.521088,41.769471],[1.522707,41.766336],[1.523709,41.765703],[1.526462,41.765171],[1.527807,41.763947],[1.528979,41.764369],[1.53312,41.763575],[1.52857,41.759082],[1.529429,41.75813],[1.530094,41.754592],[1.53108,41.752554],[1.535549,41.752837],[1.536422,41.754981],[1.534433,41.757302],[1.54506,41.757592],[1.545537,41.761274],[1.546623,41.763202],[1.54621,41.764506],[1.548677,41.770639],[1.552872,41.77077],[1.559488,41.769939],[1.562017,41.770154],[1.561945,41.772192],[1.563009,41.773968],[1.561507,41.775342],[1.561553,41.777348],[1.562606,41.77727],[1.56301,41.777696],[1.564906,41.776954],[1.566613,41.777453],[1.569195,41.777395],[1.571843,41.77945],[1.57294,41.78218],[1.575468,41.78153],[1.576556,41.780253],[1.581174,41.777196],[1.58174,41.775526],[1.593952,41.777918],[1.592517,41.780731],[1.600184,41.789022],[1.5974,41.791304],[1.596271,41.794185],[1.598325,41.793968],[1.59747,41.796487],[1.595328,41.796483],[1.594795,41.797098],[1.594387,41.798799],[1.594811,41.799844],[1.593433,41.800773],[1.594292,41.801846],[1.592444,41.802073],[1.589862,41.8035],[1.589167,41.804716],[1.59361,41.811984],[1.602766,41.813616],[1.611814,41.817763],[1.615797,41.830289],[1.61215,41.833479],[1.611817,41.834545],[1.610365,41.836116],[1.612199,41.837177],[1.612364,41.838296],[1.615385,41.840281],[1.619685,41.84181],[1.622738,41.841074],[1.624319,41.84128],[1.631815,41.844705],[1.626823,41.848616],[1.630664,41.85877],[1.62845,41.860129],[1.625954,41.86909],[1.622999,41.870704],[1.621376,41.873092],[1.621896,41.873782],[1.621717,41.874645],[1.619023,41.877536],[1.618689,41.879089],[1.619479,41.881524],[1.615025,41.880074],[1.613443,41.880524],[1.611994,41.880304],[1.606241,41.884065],[1.60303,41.882474],[1.602095,41.884222],[1.600521,41.882944],[1.597892,41.88223],[1.592451,41.879279],[1.59173,41.877624],[1.589432,41.877167],[1.586851,41.874947],[1.583761,41.873351],[1.581676,41.87519],[1.569286,41.880007],[1.573088,41.884474],[1.57673,41.891595],[1.583186,41.892903],[1.585044,41.890749],[1.583806,41.88844],[1.587236,41.888554],[1.595294,41.896056],[1.597484,41.899362],[1.600516,41.902644],[1.60086,41.904584],[1.60238,41.902587],[1.604917,41.90217],[1.605516,41.901453],[1.616281,41.905989],[1.616094,41.90741],[1.617715,41.908489],[1.61745,41.910003],[1.620382,41.912703],[1.623118,41.913367],[1.622632,41.915484],[1.626304,41.916587],[1.626141,41.917332],[1.632831,41.920825],[1.634643,41.924029],[1.63861,41.927191],[1.642348,41.927859],[1.642405,41.928973],[1.643584,41.929114],[1.650362,41.926642],[1.653363,41.928789],[1.649899,41.933873],[1.643059,41.940471],[1.645063,41.943811],[1.650779,41.944795],[1.650737,41.946705],[1.649368,41.949435],[1.649006,41.952078],[1.64806,41.952504],[1.647698,41.9535],[1.648743,41.954268],[1.64876,41.955663],[1.649769,41.956594],[1.647241,41.958813],[1.64603,41.958916],[1.645511,41.96008],[1.645605,41.962363],[1.644917,41.964336],[1.645567,41.966308],[1.644612,41.968598],[1.64539,41.970997],[1.651693,41.978683],[1.650425,41.979653],[1.655929,41.980671],[1.656438,41.979048],[1.660594,41.977628],[1.660392,41.978671],[1.661029,41.979122],[1.660723,41.980386],[1.661433,41.981348],[1.660258,41.982935],[1.668244,41.984546],[1.67565,41.982524],[1.674265,41.979267],[1.672229,41.977667],[1.66977,41.973256],[1.669813,41.969896],[1.670866,41.970591],[1.672166,41.968252],[1.679185,41.968865],[1.683105,41.967373],[1.694308,41.972883],[1.695036,41.973916],[1.696331,41.974133],[1.696678,41.97492],[1.697803,41.97545],[1.70375,41.977061],[1.715147,41.981238],[1.717642,41.982504],[1.71777,41.983741],[1.719585,41.984458],[1.719537,41.985766],[1.717047,41.986039],[1.717041,41.989218],[1.713433,41.991023],[1.713185,41.991583],[1.713336,41.991991],[1.713934,41.991921],[1.715813,41.991213],[1.716407,41.993368],[1.717854,41.993839],[1.715935,41.996781],[1.716004,41.997382],[1.717715,41.997023],[1.718711,41.997432],[1.718072,41.998746],[1.718345,41.999491],[1.716509,42.000125],[1.716421,42.000903],[1.713177,42.002729],[1.707625,42.002417],[1.707084,42.003259],[1.707916,42.007825],[1.704249,42.010965],[1.699769,42.014066],[1.6981,42.014675],[1.696441,42.014113],[1.695107,42.012565],[1.69119,42.005937],[1.693877,42.000137],[1.699639,41.992986],[1.696862,41.991011],[1.69807,41.987594],[1.697796,41.985174],[1.691416,41.986543],[1.692438,41.988293],[1.692357,41.989656],[1.691422,41.99072],[1.690082,41.990226],[1.685091,41.994896],[1.682855,41.993871],[1.679047,41.993631],[1.676928,41.994356],[1.672208,41.991542],[1.671356,41.991613],[1.668501,41.99037],[1.666413,41.990032],[1.664047,41.991019],[1.662362,41.991079],[1.661526,41.992031],[1.662511,41.999545],[1.66212,42.000146],[1.662268,42.002994],[1.658216,42.005023],[1.655184,42.002364],[1.657323,42.001242],[1.655449,41.999535],[1.658001,41.998297],[1.655881,41.995538],[1.655896,41.993935],[1.655326,41.993238],[1.653926,41.993403],[1.652316,41.992514],[1.652353,41.994331],[1.651405,41.995738],[1.652227,41.998226],[1.652022,41.999224],[1.649009,41.999131],[1.648214,42.000144],[1.648134,42.001363],[1.649038,42.003325],[1.65302,42.006936],[1.653716,42.011013],[1.652133,42.01232],[1.651768,42.013271],[1.652027,42.013999],[1.654886,42.015953],[1.655951,42.017972],[1.655175,42.019579],[1.656214,42.020905],[1.662278,42.023405],[1.665058,42.022301],[1.665391,42.0191],[1.662534,42.015858],[1.662459,42.011864],[1.665655,42.010671],[1.66473,42.00826],[1.662157,42.007573],[1.660677,42.006651],[1.666325,42.003495],[1.67021,42.006938],[1.668954,42.011707],[1.668909,42.013717],[1.670095,42.015901],[1.67189,42.016837],[1.672799,42.018033],[1.674797,42.018771],[1.675275,42.019517],[1.678299,42.01861],[1.684079,42.02545],[1.689659,42.026779],[1.69001,42.027116],[1.689099,42.027865],[1.696182,42.028448],[1.69829,42.027398],[1.699644,42.028891],[1.699816,42.029586],[1.694658,42.035128],[1.696419,42.035749],[1.697678,42.03694],[1.697564,42.039483],[1.693875,42.043344],[1.692836,42.046124],[1.689886,42.046245],[1.683921,42.048082],[1.684056,42.049094],[1.683379,42.049419],[1.683477,42.049919],[1.682978,42.049877],[1.680345,42.046437],[1.680093,42.040541],[1.678914,42.038311],[1.673766,42.039593],[1.672234,42.040925],[1.673,42.041983],[1.670593,42.044413],[1.672124,42.046016],[1.673468,42.048843],[1.674297,42.053878],[1.675765,42.057914],[1.675098,42.057707],[1.674698,42.059173],[1.686486,42.068793],[1.690054,42.074409],[1.691771,42.078021],[1.68869,42.078355],[1.688712,42.081433],[1.691656,42.087093],[1.696377,42.086701],[1.707986,42.082704],[1.710448,42.083305],[1.713193,42.084794],[1.716953,42.08464],[1.722411,42.091077],[1.722933,42.094513],[1.722842,42.099793],[1.718388,42.101516],[1.711273,42.101755],[1.705753,42.105745],[1.705511,42.1077],[1.710127,42.110265],[1.711154,42.113347],[1.712044,42.119478],[1.709162,42.120893],[1.709233,42.122015],[1.708235,42.123236],[1.706419,42.122887],[1.702838,42.126123],[1.701117,42.126572],[1.699461,42.128053],[1.699337,42.128986],[1.700247,42.130506],[1.698672,42.134217],[1.698915,42.13571],[1.700354,42.13603],[1.704171,42.14069],[1.703039,42.14206],[1.705175,42.142962],[1.707181,42.145221],[1.708377,42.149754],[1.710367,42.150159],[1.711268,42.15203],[1.713921,42.154028],[1.716757,42.154091],[1.72099,42.151621],[1.721995,42.151795],[1.725598,42.153699],[1.727992,42.156283],[1.73569,42.160026],[1.736466,42.160867],[1.7368,42.162735],[1.736278,42.170977],[1.737884,42.174656],[1.739428,42.176518],[1.737455,42.178788],[1.736396,42.181614],[1.73662,42.183477],[1.738368,42.184998],[1.737136,42.185203],[1.738202,42.188445],[1.737714,42.189689],[1.734424,42.190051],[1.734048,42.191174],[1.730675,42.192051],[1.726592,42.194444],[1.7234,42.195152],[1.721879,42.196196],[1.714821,42.192795],[1.714169,42.190869],[1.713522,42.190472],[1.707762,42.190025],[1.689946,42.199085],[1.689321,42.202252],[1.688728,42.202412],[1.687395,42.205996],[1.685636,42.206446],[1.680771,42.20633],[1.684655,42.217578],[1.684292,42.218557],[1.685705,42.220786],[1.684315,42.222472],[1.683072,42.22237],[1.681963,42.223253],[1.681375,42.224312],[1.694786,42.228246],[1.698656,42.230284],[1.700614,42.230708],[1.701987,42.235315],[1.702981,42.235977],[1.70456,42.2362],[1.703502,42.23989],[1.701971,42.239989],[1.699167,42.241067],[1.697085,42.245006],[1.690164,42.247586],[1.690008,42.251689],[1.688609,42.25226],[1.688363,42.254503],[1.684945,42.256461],[1.685678,42.258502],[1.685773,42.260425],[1.689999,42.262332],[1.695419,42.263829],[1.690502,42.277095],[1.688402,42.276415],[1.687308,42.277189],[1.684533,42.276223],[1.682956,42.277845],[1.678553,42.278961],[1.675347,42.280353],[1.672473,42.280191],[1.670669,42.281687],[1.675418,42.285896],[1.686529,42.285144],[1.689704,42.285446],[1.691392,42.286296],[1.692019,42.28446],[1.696572,42.285849],[1.70272,42.284876],[1.715943,42.288041],[1.717091,42.287346],[1.71804,42.284462],[1.718604,42.284222],[1.721361,42.283478],[1.727187,42.284048],[1.729678,42.283468],[1.734688,42.28399],[1.738201,42.287977],[1.738457,42.28929],[1.741089,42.290586],[1.745228,42.290477],[1.758067,42.292537],[1.762781,42.293781],[1.769518,42.292258],[1.772394,42.292282],[1.775862,42.290841],[1.779356,42.290857],[1.782124,42.293298],[1.785578,42.293595],[1.787625,42.294671],[1.793271,42.293966],[1.797639,42.294792],[1.798025,42.295406],[1.797343,42.297442],[1.797957,42.298173],[1.800421,42.300113],[1.804836,42.302025],[1.812932,42.301631],[1.813511,42.302228],[1.814956,42.302248],[1.818773,42.299503],[1.819835,42.299918],[1.822067,42.299446],[1.822873,42.299988],[1.826069,42.299754],[1.82681,42.29929],[1.828454,42.300491],[1.833131,42.301229],[1.834947,42.303394],[1.834876,42.304046],[1.837676,42.305611],[1.841302,42.305601],[1.850923,42.310668],[1.854151,42.310216],[1.856887,42.310928],[1.858176,42.310666],[1.859565,42.31184],[1.860798,42.312094],[1.861776,42.313142],[1.864217,42.310976],[1.866095,42.312202],[1.874073,42.313563],[1.879511,42.312665],[1.882484,42.31487],[1.883415,42.314839],[1.884109,42.315809],[1.883798,42.317119],[1.886145,42.31782],[1.891122,42.317397],[1.893121,42.318694],[1.892889,42.320817],[1.903482,42.32329],[1.90689,42.322496],[1.907703,42.32156],[1.912912,42.318969],[1.921541,42.316995],[1.932001,42.318741],[1.939646,42.316458],[1.942476,42.31232],[1.943604,42.308454],[1.944984,42.310897],[1.947072,42.312148],[1.949055,42.315619],[1.94987,42.315656],[1.952023,42.31495],[1.956556,42.312287],[1.970679,42.303265],[1.977703,42.301447],[1.98419,42.298059],[1.984671,42.299379],[1.98689,42.3003],[1.991386,42.300716],[1.992453,42.300246],[1.993894,42.301291],[1.993669,42.302588],[1.996688,42.30395],[2.002637,42.305104],[2.005525,42.30649],[2.006183,42.307595],[2.007556,42.30686],[2.010248,42.307165],[2.012985,42.308333],[2.014327,42.307509],[2.01512,42.307564],[2.018879,42.310298],[2.024053,42.309162],[2.02663,42.307104],[2.028599,42.306243],[2.034262,42.306228],[2.03631,42.304994],[2.037567,42.305398],[2.038335,42.305139],[2.04042,42.302094],[2.045709,42.299836],[2.048019,42.297636],[2.050861,42.296322],[2.053766,42.296257],[2.055197,42.2955],[2.057398,42.295574],[2.061386,42.293894],[2.063829,42.2914],[2.065161,42.291224],[2.066701,42.290175],[2.069618,42.291918],[2.070259,42.291583],[2.069911,42.28771],[2.068062,42.285676],[2.067296,42.283846],[2.060183,42.282541],[2.057752,42.280803],[2.055751,42.280936],[2.052706,42.278802],[2.053486,42.278092],[2.051821,42.276077],[2.051874,42.275229],[2.050426,42.274707],[2.048777,42.275005],[2.047415,42.272671],[2.046985,42.272302],[2.045536,42.272519],[2.042584,42.269571],[2.043623,42.268003],[2.042145,42.266646],[2.042479,42.265677],[2.041073,42.264911],[2.041224,42.263311],[2.040104,42.262343],[2.040261,42.260517],[2.038971,42.260295],[2.039068,42.259687],[2.038353,42.259386],[2.037373,42.260023],[2.036308,42.258513],[2.034826,42.258929],[2.033598,42.258578],[2.032497,42.257384],[2.03074,42.256939],[2.029969,42.255172],[2.027434,42.253312],[2.02903,42.253422],[2.028646,42.251802],[2.029594,42.251372],[2.027792,42.249442],[2.029235,42.248543],[2.029931,42.244956],[2.028253,42.24411],[2.029361,42.243578],[2.027108,42.242216],[2.028156,42.241233],[2.027262,42.241264],[2.026742,42.240063],[2.025041,42.23984],[2.025398,42.23779],[2.024548,42.237144],[2.025444,42.235006],[2.025157,42.233237],[2.020993,42.231907],[2.019898,42.23245],[2.017071,42.2327],[2.019143,42.230727],[2.019742,42.22836],[2.020704,42.228273],[2.021166,42.227524],[2.023536,42.227322],[2.023029,42.226579],[2.023933,42.226224],[2.024116,42.225324],[2.025346,42.22419],[2.024914,42.223623],[2.026126,42.223022],[2.026045,42.222313],[2.028383,42.220337],[2.029641,42.216962],[2.030546,42.215858],[2.032448,42.21663],[2.035399,42.219309],[2.039807,42.221123],[2.04478,42.22075],[2.045303,42.221393],[2.049265,42.221399],[2.053657,42.219521],[2.053489,42.218331],[2.050492,42.215844],[2.051875,42.213595],[2.050707,42.212161],[2.051145,42.210215],[2.050837,42.208329],[2.052581,42.205299],[2.052441,42.202793],[2.053933,42.200549],[2.053211,42.198942],[2.0536,42.197142],[2.05287,42.195734],[2.053647,42.195151],[2.055758,42.19476],[2.057373,42.195265],[2.060642,42.195274],[2.063225,42.193053],[2.063908,42.1916],[2.06199,42.188966],[2.061307,42.179813],[2.05958,42.179115],[2.060873,42.177879],[2.058379,42.177107],[2.058266,42.175689],[2.057751,42.17546],[2.05719,42.176007],[2.054538,42.175539],[2.045661,42.17594],[2.045016,42.176796],[2.043396,42.176679],[2.042281,42.177871],[2.039887,42.177599],[2.037382,42.178978],[2.034223,42.177308],[2.031727,42.176967],[2.031514,42.173223],[2.031854,42.172172],[2.030545,42.170618],[2.028631,42.169991],[2.027678,42.166378],[2.023111,42.164031],[2.019806,42.164473],[2.013282,42.163994],[2.010847,42.162588],[2.005193,42.162088],[2.004763,42.162467],[2.004264,42.166261],[2.00284,42.167692],[1.995905,42.172289],[2.00134,42.176274],[2.005384,42.182571],[2.00647,42.18345],[2.002779,42.185296],[1.999313,42.188463],[1.998385,42.192042],[1.999765,42.192963],[2.007661,42.194058],[1.98582,42.194994],[1.980184,42.196599],[1.978574,42.197371],[1.976721,42.199063],[1.97536,42.198384],[1.970297,42.197443],[1.965571,42.19908],[1.964666,42.192034],[1.966311,42.182131],[1.966253,42.178775],[1.970974,42.178165],[1.971082,42.18015],[1.979141,42.182888],[1.984047,42.181081],[1.991851,42.182577],[1.991041,42.181208],[1.991559,42.178718],[1.989531,42.176637],[1.989897,42.175604],[1.99135,42.175],[1.992514,42.17241],[1.991131,42.171598],[1.99394,42.167784],[1.994489,42.165842],[1.997251,42.162039],[2.003199,42.156458],[2.005728,42.154925],[2.005648,42.154064],[2.003972,42.15276],[2.006219,42.151645],[2.004344,42.149503],[2.008393,42.149749],[2.013193,42.14926],[2.016627,42.150144],[2.019423,42.15031],[2.02571,42.152402],[2.028614,42.152247],[2.031351,42.151361],[2.032925,42.149546],[2.033681,42.149773],[2.034953,42.14843],[2.03523,42.146284],[2.037461,42.143296],[2.040186,42.142726],[2.046327,42.144346],[2.049616,42.143111],[2.052045,42.143076],[2.054304,42.139249],[2.054526,42.137781],[2.05682,42.137427],[2.060743,42.135345],[2.061385,42.135659],[2.061725,42.135077],[2.063596,42.134958],[2.063094,42.135141],[2.063209,42.135699],[2.064993,42.138364],[2.069874,42.138443],[2.070565,42.138844],[2.070708,42.140374],[2.077881,42.141822],[2.079588,42.141859],[2.081923,42.141051],[2.087537,42.141712],[2.090873,42.142507],[2.0928,42.14415],[2.093833,42.142027],[2.094796,42.141836],[2.095164,42.140084],[2.101392,42.139733],[2.101689,42.136935],[2.099445,42.135232],[2.098601,42.131318],[2.096979,42.128493],[2.096998,42.128156],[2.099351,42.12772],[2.100703,42.126689],[2.100774,42.124821],[2.099458,42.124869],[2.09966,42.124521],[2.100729,42.123812],[2.103424,42.123665],[2.105912,42.122124],[2.107178,42.120485],[2.108303,42.120619],[2.110924,42.119387],[2.112931,42.117053],[2.115323,42.117253],[2.117916,42.115445],[2.120518,42.116047],[2.123799,42.114838],[2.124848,42.113607],[2.124776,42.112991],[2.125912,42.112643],[2.134546,42.119444],[2.13776,42.1212],[2.140115,42.126541],[2.142758,42.1296],[2.145057,42.131396],[2.146277,42.131233],[2.164483,42.135283],[2.181715,42.135233],[2.187949,42.133961],[2.188795,42.131437],[2.186887,42.128517],[2.189516,42.124725],[2.19323,42.124151],[2.201427,42.124274],[2.205259,42.125873],[2.203218,42.127523],[2.202553,42.129147],[2.202699,42.130635],[2.204177,42.131846],[2.206586,42.131286],[2.210095,42.127625],[2.212684,42.127921],[2.213208,42.129301],[2.212534,42.13052],[2.206339,42.133134],[2.205825,42.133797],[2.210997,42.136973],[2.210489,42.139625],[2.211227,42.139925],[2.212226,42.139123],[2.215512,42.138928],[2.214976,42.140789],[2.215481,42.142081],[2.223616,42.142006],[2.225079,42.14302],[2.229591,42.142733],[2.238062,42.144083],[2.239439,42.143029],[2.240653,42.143082],[2.243382,42.137906],[2.244448,42.137776],[2.245965,42.139156],[2.24907,42.139401],[2.250218,42.138952],[2.258267,42.138717],[2.260942,42.141223],[2.264021,42.141442],[2.267075,42.142967],[2.269173,42.143032],[2.270382,42.1452],[2.272184,42.143748],[2.271452,42.142792],[2.27202,42.142361],[2.273457,42.142465],[2.274008,42.14081],[2.27265,42.140036],[2.273054,42.139369],[2.275915,42.140317],[2.281208,42.140694],[2.278886,42.138668],[2.276799,42.137864],[2.278086,42.13559],[2.279886,42.133823],[2.28102,42.133357],[2.281208,42.134014],[2.282114,42.134432],[2.287011,42.133692],[2.287317,42.13258],[2.288371,42.131433],[2.290871,42.13111],[2.291939,42.129269],[2.292526,42.130935],[2.29363,42.131118],[2.293993,42.131848],[2.297682,42.13228],[2.299909,42.134185],[2.300692,42.131682],[2.300512,42.129962],[2.301314,42.129438],[2.301292,42.127873],[2.302545,42.127815],[2.303228,42.127297],[2.301575,42.126041],[2.30244,42.124678],[2.301899,42.123848],[2.302493,42.122416],[2.300412,42.121972],[2.301159,42.120488],[2.300718,42.12013],[2.301568,42.119749],[2.301905,42.119004],[2.300739,42.118941],[2.298649,42.117084],[2.298925,42.115604],[2.301252,42.115532],[2.303773,42.112417],[2.302236,42.111534],[2.302491,42.11082],[2.301048,42.109474],[2.297577,42.108302],[2.297184,42.107357],[2.294341,42.105742],[2.295134,42.105111],[2.295281,42.102665],[2.310038,42.109705],[2.317352,42.110842],[2.317186,42.111606],[2.318212,42.112305],[2.318642,42.113257],[2.317866,42.113807],[2.3169,42.113095],[2.316175,42.11339],[2.316533,42.114202],[2.31863,42.114257],[2.319041,42.113545],[2.320243,42.115902],[2.326302,42.116493],[2.334058,42.115979],[2.336013,42.116653],[2.337148,42.116492],[2.33858,42.117559],[2.341022,42.11812],[2.342346,42.120201],[2.344602,42.120861],[2.34653,42.12078],[2.347351,42.121336],[2.351618,42.119453],[2.353439,42.120403],[2.356305,42.119116],[2.357626,42.120153],[2.366385,42.121336],[2.369119,42.117777],[2.369696,42.116175],[2.37433,42.116776],[2.374641,42.113737],[2.374152,42.113256],[2.377014,42.109781],[2.37715,42.105832],[2.380234,42.103706],[2.395117,42.104284],[2.397993,42.103131],[2.399896,42.102915],[2.40046,42.10215],[2.39538,42.095152],[2.395179,42.09265],[2.395607,42.092134],[2.395212,42.09119],[2.397617,42.087916],[2.395356,42.086763],[2.400397,42.082096],[2.404095,42.080103],[2.404276,42.079248],[2.406107,42.078756],[2.406667,42.076677],[2.407677,42.076053],[2.407749,42.074195],[2.408667,42.073486],[2.408547,42.072357],[2.409189,42.070823],[2.410893,42.069968],[2.411381,42.068604],[2.412218,42.068366],[2.412548,42.068981],[2.414958,42.068903],[2.41511,42.068275],[2.416541,42.067631],[2.417561,42.064855],[2.420985,42.065332],[2.423128,42.063123],[2.424286,42.063384],[2.426614,42.062355],[2.42786,42.064213],[2.429697,42.063937],[2.436396,42.068949],[2.439908,42.070303],[2.442711,42.071997],[2.443816,42.073187],[2.446149,42.073346],[2.448968,42.074229],[2.449237,42.074693],[2.448767,42.076534],[2.450001,42.077394],[2.453866,42.076669],[2.454964,42.077913],[2.458569,42.075149],[2.464026,42.075941],[2.467062,42.073726],[2.470683,42.069331],[2.472259,42.064484],[2.474469,42.06364],[2.477665,42.067349],[2.481436,42.068915],[2.49071,42.067309],[2.491945,42.065251],[2.492153,42.063738],[2.495763,42.060504],[2.496651,42.058894],[2.494384,42.058805],[2.490592,42.055188],[2.486,42.054328],[2.483745,42.052132],[2.482601,42.052313],[2.482433,42.051484],[2.48291,42.050858],[2.482577,42.049235],[2.484079,42.04648],[2.485914,42.046329],[2.486368,42.045434],[2.48788,42.045605],[2.492667,42.037831],[2.496971,42.036769],[2.500113,42.033026],[2.504061,42.032035],[2.506519,42.032259],[2.50521,42.027452],[2.503642,42.025943],[2.503495,42.024663],[2.501636,42.023969],[2.500538,42.022158],[2.499527,42.021496],[2.496874,42.020975],[2.494395,42.021202],[2.49493,42.019709],[2.494837,42.017517],[2.496246,42.01636],[2.495037,42.012421],[2.495515,42.011669],[2.497981,42.010875],[2.499042,42.011139],[2.501826,42.010663],[2.503695,42.009664],[2.500271,42.008037],[2.499221,42.004271],[2.49926,42.001505],[2.493558,42.00159],[2.488622,41.999072],[2.484959,41.99914],[2.483296,41.996645],[2.480898,41.996967],[2.479871,41.998213],[2.480556,41.999297],[2.479635,42.001358],[2.476876,42.001274],[2.476939,41.997382],[2.476473,41.997854],[2.474472,41.996059],[2.469139,41.99382],[2.480746,41.988755],[2.484079,41.986399],[2.488381,41.984653],[2.479901,41.982431],[2.480783,41.978517],[2.477054,41.97739],[2.475715,41.977535],[2.472712,41.975293],[2.472096,41.972055],[2.474673,41.96933],[2.468155,41.968021],[2.465572,41.96674],[2.461797,41.967875],[2.457176,41.966034],[2.456128,41.967875],[2.4524,41.966036],[2.449585,41.970077],[2.44192,41.968191],[2.441504,41.968544],[2.442435,41.969976],[2.443165,41.97005],[2.442901,41.971764],[2.441509,41.972838],[2.439239,41.973378],[2.434067,41.972427],[2.431456,41.969112],[2.429461,41.968918],[2.429748,41.965349],[2.432783,41.965718],[2.435518,41.964129],[2.439803,41.96317],[2.441836,41.959859],[2.442461,41.957291],[2.441889,41.955391],[2.442469,41.954553],[2.438333,41.951455],[2.437351,41.947991],[2.440567,41.946677],[2.440119,41.944681],[2.440347,41.943671],[2.441933,41.942615],[2.442587,41.941377],[2.445458,41.942096],[2.446403,41.943995],[2.45137,41.943696],[2.451699,41.942609],[2.454188,41.941824],[2.455204,41.940866],[2.456663,41.942282],[2.45713,41.943511],[2.459569,41.944394],[2.460764,41.943842],[2.461063,41.942126],[2.462552,41.941209],[2.46285,41.937792],[2.463661,41.938527],[2.465556,41.939112],[2.471105,41.939279],[2.471846,41.938505],[2.471921,41.937692],[2.480287,41.930089],[2.480588,41.928689],[2.479777,41.927521],[2.479621,41.925287],[2.47916,41.925678],[2.479129,41.925167],[2.480335,41.923912],[2.48063,41.922862],[2.478643,41.919933],[2.479272,41.918552],[2.481536,41.916004],[2.477737,41.91597],[2.475179,41.914958],[2.474841,41.91312],[2.473995,41.91226],[2.472956,41.909411],[2.47038,41.908607],[2.468303,41.905744],[2.469003,41.90463],[2.460219,41.90252],[2.460598,41.901035],[2.459954,41.900552],[2.45936,41.898258],[2.457933,41.897912],[2.457011,41.896705],[2.453876,41.895414],[2.452591,41.895889],[2.449145,41.895747],[2.446652,41.894767],[2.446249,41.893715],[2.44622,41.889558],[2.443055,41.887476],[2.440853,41.888075],[2.439638,41.887674],[2.438667,41.888575],[2.436374,41.888675],[2.435117,41.889338],[2.434872,41.890142],[2.431117,41.890329],[2.43117,41.892091],[2.431647,41.892591],[2.431336,41.893326],[2.431869,41.894219],[2.428913,41.894314],[2.428724,41.894917],[2.427435,41.895068],[2.427366,41.896098],[2.424787,41.896238],[2.422183,41.893805],[2.419995,41.894007],[2.417955,41.893249],[2.415592,41.895656],[2.415929,41.896216],[2.407475,41.895707],[2.405287,41.888923],[2.405904,41.888093],[2.404751,41.886293],[2.402266,41.885825],[2.400235,41.886452],[2.398333,41.885758],[2.396503,41.885772],[2.396066,41.885019],[2.39683,41.884227],[2.396158,41.883826],[2.395998,41.882645],[2.392993,41.880446],[2.394028,41.879002],[2.39024,41.878649],[2.388868,41.879524],[2.38757,41.879126],[2.387593,41.877685],[2.385529,41.877359],[2.384421,41.876492],[2.384151,41.874155],[2.384777,41.873721],[2.384269,41.873403],[2.383997,41.872029],[2.382964,41.871501],[2.378428,41.874127],[2.377557,41.8728],[2.373247,41.878701],[2.371428,41.879416],[2.370534,41.880818],[2.370773,41.881941],[2.370002,41.882238],[2.370599,41.884749],[2.370022,41.885487],[2.36823,41.884662],[2.36697,41.88013],[2.361881,41.883366],[2.358672,41.882454],[2.35781,41.881369],[2.356484,41.881062],[2.355629,41.88121],[2.353963,41.882611],[2.353047,41.884914],[2.35062,41.885856],[2.349853,41.886909],[2.34897,41.886725],[2.346712,41.88738],[2.34652,41.886668],[2.344902,41.886195],[2.342486,41.887271],[2.340833,41.887096],[2.337884,41.889151],[2.337079,41.888603],[2.337056,41.886885],[2.335415,41.885845],[2.334561,41.883832],[2.332545,41.883494],[2.330279,41.882186],[2.329992,41.882785],[2.328338,41.883033],[2.328339,41.881745],[2.326029,41.879323],[2.325822,41.878288],[2.325344,41.878041],[2.32552,41.876682],[2.324921,41.875567],[2.324161,41.875413],[2.324624,41.87504],[2.3239,41.874741],[2.324057,41.874005],[2.32556,41.873404],[2.324818,41.872169],[2.32619,41.871141],[2.326089,41.870498],[2.328126,41.868628],[2.329337,41.866538],[2.33202,41.865361],[2.330889,41.8648],[2.331395,41.863778],[2.332705,41.863464],[2.332127,41.86187],[2.331063,41.861101],[2.331298,41.860451],[2.330143,41.859307],[2.331077,41.856787],[2.330554,41.85585],[2.328705,41.856206],[2.326346,41.855649],[2.33015,41.848253],[2.33211,41.847216],[2.333345,41.844269],[2.336784,41.842767],[2.337974,41.84101],[2.34524,41.83734],[2.345929,41.835065],[2.347686,41.832327],[2.345867,41.826966],[2.343839,41.825747],[2.343957,41.82413],[2.344634,41.822865],[2.344115,41.821691],[2.34676,41.817328],[2.349871,41.815679],[2.350673,41.813751],[2.351876,41.812741],[2.35172,41.810146],[2.353291,41.80793],[2.354654,41.807101],[2.358228,41.806673],[2.364602,41.806626],[2.367458,41.804386],[2.370871,41.804046],[2.376366,41.804724],[2.379589,41.807715],[2.382565,41.808763],[2.384684,41.808061],[2.38793,41.805162],[2.396626,41.805698],[2.398399,41.804183],[2.405057,41.801663],[2.40733,41.801934],[2.410753,41.801583],[2.412529,41.803669],[2.416343,41.804803],[2.424028,41.803908],[2.4269,41.804582],[2.436886,41.802866],[2.438553,41.801104],[2.440457,41.800581],[2.441373,41.799601],[2.443229,41.798928],[2.443692,41.797439],[2.443082,41.793524],[2.443786,41.792033],[2.44412,41.789172],[2.456109,41.784172],[2.464833,41.786619],[2.472531,41.789582],[2.470383,41.778927],[2.469503,41.777772],[2.482295,41.771525],[2.483064,41.770399],[2.485545,41.769173],[2.485677,41.768329],[2.490208,41.765483],[2.494921,41.764213],[2.497216,41.765183],[2.498613,41.765062],[2.505746,41.762568],[2.515965,41.762062],[2.515922,41.760618],[2.518624,41.755808],[2.515387,41.753433],[2.51689,41.750312],[2.515631,41.748696],[2.520425,41.745591],[2.521165,41.743995],[2.523136,41.742328],[2.526058,41.741512],[2.531232,41.738957],[2.531181,41.737748],[2.532241,41.735733],[2.53319,41.735681],[2.532981,41.734454],[2.531909,41.733342],[2.530611,41.730523],[2.532488,41.730037],[2.53234,41.729752],[2.53391,41.72871],[2.534901,41.724278],[2.536549,41.723197],[2.536482,41.722684],[2.537347,41.72176],[2.53919,41.721284],[2.542818,41.721309],[2.545123,41.720604],[2.547605,41.718995],[2.549061,41.719505],[2.550263,41.719295],[2.558682,41.722132],[2.558281,41.722617],[2.561689,41.723118],[2.564601,41.724966],[2.569036,41.725803],[2.569362,41.726652],[2.576595,41.724283],[2.577693,41.724338],[2.579344,41.725221],[2.582093,41.725051],[2.584191,41.725551],[2.590298,41.728611],[2.592687,41.728036],[2.595458,41.7288],[2.602575,41.727183],[2.605508,41.727607],[2.610701,41.730377],[2.612431,41.730778],[2.614893,41.730487],[2.619954,41.731742],[2.622955,41.731153],[2.629537,41.730974],[2.63436,41.732798],[2.637247,41.73325],[2.638271,41.733956],[2.638988,41.73528],[2.638818,41.740735],[2.63937,41.742373],[2.640528,41.743369],[2.643276,41.744143],[2.647459,41.744],[2.656651,41.742736],[2.656907,41.743731],[2.656451,41.746058],[2.656974,41.745996],[2.657066,41.747171],[2.657952,41.747677],[2.659031,41.747245],[2.664088,41.747472],[2.668855,41.745373],[2.669816,41.745361],[2.670239,41.744845],[2.674365,41.743659],[2.677156,41.74137],[2.680904,41.739581],[2.686433,41.740666],[2.686934,41.741298],[2.685898,41.745617],[2.68109,41.744397],[2.681362,41.745437],[2.682365,41.746449],[2.682103,41.748245],[2.68933,41.746374],[2.690125,41.7415],[2.693561,41.741761],[2.694516,41.741282],[2.695042,41.741787],[2.70094,41.742834],[2.703337,41.744785],[2.707721,41.740957],[2.725159,41.744299],[2.745106,41.734965],[2.777216,41.735473],[2.777702,41.732199],[2.777111,41.730563],[2.770881,41.72823],[2.769891,41.726578],[2.76871,41.72681],[2.766193,41.725676],[2.766032,41.724019],[2.774649,41.700224],[2.77023,41.687389],[2.757847,41.67923],[2.758709,41.676496],[2.759106,41.676634],[2.760473,41.672469],[2.761287,41.671344],[2.761785,41.669258],[2.765623,41.666129],[2.771313,41.66037],[2.777441,41.651379],[2.778727,41.648806],[2.778389,41.648516],[2.777268,41.648736],[2.775515,41.647527],[2.757332,41.645509],[2.74521,41.642399],[2.727584,41.634875],[2.723967,41.632797],[2.719629,41.629341],[2.716885,41.628163],[2.711294,41.627488],[2.703235,41.624685],[2.698379,41.622279],[2.689418,41.62024],[2.6669,41.613283],[2.6559,41.610717],[2.655625,41.610973],[2.655555,41.610583],[2.651261,41.609482],[2.639782,41.604818],[2.638097,41.605171],[2.635553,41.604188],[2.632373,41.603894],[2.625691,41.600028],[2.624808,41.600901],[2.619125,41.598038],[2.615177,41.597582],[2.609141,41.594791],[2.607286,41.594694],[2.593833,41.589742],[2.589642,41.58883],[2.578692,41.584224],[2.576899,41.584573],[2.573657,41.583965],[2.562988,41.578635],[2.56128,41.575254],[2.557993,41.574524],[2.560902,41.575347],[2.561295,41.576957],[2.560908,41.577391],[2.56125,41.578242],[2.561126,41.57719],[2.561679,41.577048],[2.562901,41.579374],[2.56193,41.579754],[2.558526,41.579668],[2.559128,41.579499],[2.558157,41.579253],[2.561035,41.579083],[2.557858,41.578901],[2.557209,41.579511],[2.556609,41.579446],[2.557215,41.578828],[2.556563,41.579456],[2.555939,41.579386],[2.55654,41.578775],[2.555895,41.579394],[2.555336,41.579111],[2.556462,41.578039],[2.559711,41.577863],[2.559683,41.577357],[2.556104,41.577593],[2.554966,41.578516],[2.551472,41.578049],[2.54719,41.575997],[2.540843,41.57402],[2.538787,41.572611],[2.537491,41.572575],[2.534702,41.571423],[2.533322,41.570578],[2.533519,41.569473],[2.533163,41.570278],[2.532034,41.570048],[2.531609,41.569807],[2.531827,41.568897],[2.531485,41.569418],[2.530767,41.569236],[2.530296,41.568782],[2.530414,41.568056],[2.530164,41.568635],[2.529175,41.568566],[2.528299,41.567717],[2.528518,41.567337],[2.527773,41.566887],[2.528171,41.567336],[2.527686,41.567558],[2.526533,41.567388],[2.526467,41.566482],[2.52614,41.566993],[2.524966,41.567005],[2.523416,41.565837],[2.523561,41.56529],[2.522629,41.565903],[2.520259,41.564802],[2.520739,41.564104],[2.519985,41.564824],[2.518361,41.564055],[2.518751,41.56301],[2.518104,41.563572],[2.515931,41.56283],[2.516373,41.561827],[2.515338,41.562617],[2.51316,41.561532],[2.513369,41.560757],[2.512866,41.561602],[2.510954,41.560397],[2.511123,41.560704],[2.509745,41.560841],[2.508663,41.559967],[2.50751,41.559933],[2.502669,41.556852],[2.502264,41.55617],[2.500676,41.555957],[2.498866,41.554407],[2.497945,41.554558],[2.495261,41.552734],[2.487705,41.551116],[2.46925,41.54602],[2.46126,41.542358],[2.457681,41.539991],[2.454871,41.536921],[2.453013,41.537063],[2.446969,41.533155],[2.442958,41.529627],[2.423863,41.518767],[2.420421,41.517433],[2.40775,41.508697],[2.399845,41.503955],[2.399413,41.504372],[2.398469,41.50411],[2.390963,41.500547],[2.389197,41.498886],[2.389255,41.49944],[2.38827,41.499413],[2.378807,41.494611],[2.376316,41.494168],[2.369441,41.491547],[2.369417,41.49053],[2.365988,41.489458],[2.368766,41.490616],[2.368781,41.491381],[2.367086,41.490875],[2.367054,41.490336],[2.365573,41.490529],[2.362021,41.488833],[2.36128,41.488994],[2.351239,41.485997],[2.350745,41.484948],[2.350789,41.485486],[2.349707,41.485717],[2.344296,41.484115],[2.322613,41.479297],[2.317271,41.477204],[2.316659,41.476396],[2.316468,41.477928],[2.31313,41.476929],[2.313877,41.476256],[2.312431,41.476134],[2.312286,41.476563],[2.311437,41.476574],[2.311782,41.476108],[2.31033,41.475916],[2.309455,41.476342],[2.298516,41.472997],[2.281246,41.465826],[2.27981,41.464946],[2.280045,41.464449],[2.279413,41.464773],[2.276856,41.464236],[2.267679,41.459399],[2.254838,41.449798],[2.245976,41.439777],[2.240923,41.431132],[2.240313,41.431132],[2.237463,41.425888],[2.233449,41.42076],[2.232578,41.418259],[2.229146,41.415293],[2.228233,41.413596],[2.228862,41.4131],[2.22514,41.412181],[2.22254,41.412426],[2.229207,41.409571],[2.226133,41.405283],[2.224691,41.406351],[2.224403,41.405914],[2.22364,41.4062],[2.221667,41.404629],[2.222264,41.404187],[2.22328,41.405429],[2.223593,41.405182],[2.222099,41.403404],[2.22004,41.405274],[2.217854,41.404053],[2.217094,41.403042],[2.218475,41.402119],[2.216833,41.402885],[2.214257,41.399989],[2.215706,41.398917],[2.215305,41.398621],[2.214195,41.399442],[2.210709,41.396254],[2.212025,41.395219],[2.211275,41.394675],[2.209724,41.395889],[2.206808,41.393776],[2.205303,41.391634],[2.206352,41.390776],[2.205758,41.390327],[2.205003,41.390906],[2.202118,41.390005],[2.201417,41.388785],[2.20369,41.387419],[2.201716,41.384972],[2.199573,41.383532],[2.19915,41.38385],[2.200712,41.384609],[2.20268,41.386594],[2.2024,41.386805],[2.200839,41.38532],[2.200115,41.385866],[2.201882,41.387196],[2.200461,41.388267],[2.1984,41.386895],[2.200067,41.38518],[2.196422,41.383508],[2.195424,41.381895],[2.197344,41.381204],[2.196778,41.38027],[2.194871,41.380956],[2.192906,41.377316],[2.189493,41.37068],[2.189908,41.369679],[2.191087,41.369379],[2.191554,41.370127],[2.192041,41.369949],[2.187824,41.363425],[2.185416,41.357635],[2.184534,41.357827],[2.184723,41.358319],[2.185212,41.358212],[2.187022,41.362933],[2.186482,41.36305],[2.186628,41.363431],[2.187234,41.363561],[2.18925,41.366679],[2.187864,41.367188],[2.185944,41.364786],[2.186885,41.364165],[2.186703,41.363879],[2.185292,41.364591],[2.184747,41.365666],[2.185388,41.365483],[2.186623,41.366927],[2.186881,41.368154],[2.186509,41.368472],[2.186906,41.368435],[2.187215,41.370093],[2.186464,41.368954],[2.186283,41.367944],[2.184546,41.368506],[2.184896,41.370377],[2.184486,41.370415],[2.184573,41.37096],[2.187079,41.370696],[2.187134,41.371062],[2.185657,41.371188],[2.185867,41.372455],[2.18735,41.372326],[2.187478,41.373116],[2.186741,41.373262],[2.187411,41.374532],[2.186662,41.374765],[2.185988,41.374503],[2.185682,41.372534],[2.184139,41.372929],[2.184876,41.372822],[2.184314,41.373338],[2.184942,41.373262],[2.184369,41.373738],[2.185016,41.373699],[2.184398,41.374134],[2.185086,41.374139],[2.184464,41.374547],[2.185156,41.374585],[2.184677,41.375077],[2.186738,41.375603],[2.187219,41.377547],[2.186328,41.379773],[2.184715,41.380695],[2.183568,41.380464],[2.185026,41.376729],[2.182856,41.374008],[2.180998,41.374843],[2.180797,41.375397],[2.181513,41.375093],[2.183186,41.377566],[2.182407,41.379448],[2.179581,41.375909],[2.180794,41.375398],[2.180996,41.374844],[2.179542,41.375506],[2.178203,41.373833],[2.183134,41.371598],[2.18208,41.370279],[2.177639,41.372299],[2.177128,41.372093],[2.176593,41.367145],[2.180874,41.365875],[2.180543,41.365374],[2.182322,41.364728],[2.18321,41.365311],[2.183546,41.363275],[2.177377,41.354167],[2.17529,41.350291],[2.170003,41.326466],[2.173189,41.317088],[2.172346,41.316925],[2.169189,41.326338],[2.171217,41.335115],[2.169834,41.335282],[2.170397,41.337865],[2.169792,41.337938],[2.172148,41.348775],[2.171854,41.34908],[2.182152,41.364464],[2.180373,41.36511],[2.179343,41.363497],[2.178913,41.363657],[2.179201,41.3641],[2.175996,41.365263],[2.173368,41.361817],[2.176772,41.360559],[2.175457,41.358531],[2.170958,41.36019],[2.169969,41.358658],[2.173135,41.356531],[2.167444,41.347873],[2.16751,41.348437],[2.162556,41.351895],[2.161472,41.351375],[2.165945,41.34589],[2.165413,41.345635],[2.161741,41.349984],[2.160422,41.349351],[2.160789,41.348907],[2.160422,41.348732],[2.161573,41.347366],[2.153325,41.342653],[2.152908,41.34272],[2.152941,41.345552],[2.15088,41.345747],[2.149622,41.33662],[2.145673,41.336504],[2.144356,41.334769],[2.147357,41.333717],[2.145981,41.33101],[2.148516,41.330125],[2.155724,41.341835],[2.159227,41.343421],[2.16661,41.341885],[2.165784,41.340003],[2.164965,41.340137],[2.159179,41.326982],[2.158503,41.327],[2.158845,41.327778],[2.154641,41.327803],[2.154454,41.327139],[2.153827,41.327143],[2.152418,41.323144],[2.152932,41.322964],[2.152529,41.322297],[2.151965,41.322495],[2.150675,41.320966],[2.146275,41.314865],[2.138541,41.305677],[2.119802,41.292064],[2.105659,41.286302],[2.074842,41.277271],[2.06644,41.275273],[2.066419,41.274844],[2.065012,41.275167],[2.046525,41.270678],[2.026853,41.266869],[2.009874,41.265017],[1.999943,41.264504],[1.979598,41.264184],[1.961253,41.264582],[1.944692,41.263802],[1.943456,41.2642],[1.939059,41.263221],[1.937536,41.263448],[1.932187,41.262615],[1.928858,41.261744],[1.928288,41.261178],[1.929257,41.259336],[1.930199,41.258622],[1.929151,41.259164],[1.92398,41.256551],[1.922918,41.256588],[1.928828,41.25933],[1.928229,41.260795],[1.927917,41.260702],[1.928421,41.259654],[1.927576,41.260604],[1.92807,41.259551],[1.927535,41.260589],[1.927177,41.260486],[1.927709,41.259445],[1.927141,41.260475],[1.926783,41.260372],[1.927281,41.25932],[1.926748,41.260361],[1.926388,41.260256],[1.926886,41.259205],[1.926354,41.260246],[1.92599,41.260142],[1.926523,41.259099],[1.925955,41.260131],[1.925503,41.259999],[1.926036,41.258957],[1.925465,41.259988],[1.924921,41.259832],[1.925619,41.258776],[1.925022,41.258601],[1.924618,41.259787],[1.922885,41.259303],[1.923054,41.258963],[1.924357,41.25932],[1.923068,41.258937],[1.923237,41.258593],[1.92456,41.258929],[1.923537,41.258647],[1.924497,41.25857],[1.923685,41.258347],[1.924304,41.257968],[1.923284,41.257267],[1.923753,41.257851],[1.923532,41.258304],[1.922041,41.258021],[1.922535,41.258332],[1.922326,41.258596],[1.920929,41.259144],[1.919642,41.258188],[1.912417,41.255878],[1.906734,41.255138],[1.903306,41.253857],[1.901483,41.250689],[1.901631,41.25192],[1.9,41.251827],[1.899279,41.251312],[1.900918,41.251235],[1.898611,41.250911],[1.896733,41.24973],[1.886991,41.247546],[1.885562,41.247742],[1.879914,41.245433],[1.870553,41.24276],[1.869482,41.242918],[1.868148,41.240727],[1.866322,41.239612],[1.867791,41.23793],[1.866086,41.236574],[1.865745,41.236714],[1.86747,41.237947],[1.865937,41.239734],[1.864979,41.239199],[1.864205,41.239359],[1.863804,41.23862],[1.863304,41.239537],[1.862441,41.239469],[1.861837,41.239069],[1.861448,41.236754],[1.859126,41.23569],[1.85628,41.235585],[1.853601,41.234365],[1.849226,41.23455],[1.848107,41.235067],[1.845569,41.234777],[1.841391,41.235207],[1.840224,41.23475],[1.837104,41.235423],[1.836612,41.235916],[1.831899,41.235813],[1.829088,41.236681],[1.827652,41.236168],[1.827059,41.233004],[1.824231,41.231991],[1.824018,41.232543],[1.826714,41.233166],[1.826794,41.234204],[1.826429,41.234414],[1.826135,41.233858],[1.825706,41.234101],[1.826401,41.23443],[1.825924,41.23471],[1.824441,41.234717],[1.825401,41.234534],[1.824462,41.234482],[1.824493,41.234152],[1.825453,41.234174],[1.824473,41.233984],[1.824406,41.234715],[1.823878,41.234682],[1.823927,41.233879],[1.823844,41.23468],[1.823384,41.234652],[1.82343,41.233849],[1.82335,41.234652],[1.822926,41.234627],[1.822977,41.233794],[1.822895,41.234624],[1.822527,41.234603],[1.82258,41.233771],[1.822498,41.234602],[1.822118,41.23458],[1.82217,41.233749],[1.822087,41.234579],[1.821606,41.23455],[1.821867,41.233356],[1.825179,41.233525],[1.821645,41.233108],[1.821345,41.23535],[1.820671,41.235733],[1.81477,41.235999],[1.813474,41.235659],[1.813494,41.235134],[1.811151,41.23418],[1.810052,41.23301],[1.810205,41.233766],[1.809249,41.233992],[1.809064,41.233584],[1.808325,41.234181],[1.806025,41.233522],[1.8063,41.232767],[1.805601,41.233394],[1.803276,41.232667],[1.802666,41.232219],[1.803032,41.231491],[1.802305,41.2323],[1.800043,41.23171],[1.798649,41.230931],[1.799147,41.230157],[1.798364,41.230872],[1.796379,41.230233],[1.791784,41.227916],[1.791567,41.227127],[1.790542,41.227029],[1.788328,41.22509],[1.783304,41.223469],[1.776413,41.223558],[1.775737,41.222897],[1.775046,41.223165],[1.771909,41.222008],[1.771018,41.220847],[1.769642,41.220909],[1.769348,41.221423],[1.767522,41.221126],[1.766358,41.220502],[1.766277,41.219714],[1.763582,41.219925],[1.761744,41.2186],[1.760437,41.218786],[1.760394,41.219331],[1.759629,41.219567],[1.75703,41.219095],[1.752761,41.21962],[1.751039,41.217911],[1.749369,41.217735],[1.748695,41.218474],[1.743907,41.218222],[1.741571,41.21741],[1.737242,41.214274],[1.738462,41.210703],[1.734992,41.209873],[1.733495,41.207458],[1.730056,41.205746],[1.729496,41.205912],[1.733989,41.208519],[1.734363,41.211061],[1.734988,41.210638],[1.737675,41.211186],[1.737052,41.212804],[1.734532,41.212576],[1.737015,41.213436],[1.736853,41.213839],[1.73611,41.213628],[1.736795,41.21403],[1.736398,41.214967],[1.73571,41.214852],[1.735878,41.214375],[1.73555,41.214948],[1.736374,41.21512],[1.736111,41.21578],[1.734001,41.215451],[1.734741,41.213485],[1.733653,41.21542],[1.731481,41.215071],[1.730955,41.215551]],[[2.038436,41.527139],[2.038525,41.527149],[2.038519,41.527148],[2.038436,41.527139]],[[2.044403,41.378264],[2.044363,41.378361],[2.044524,41.377968],[2.044403,41.378264]],[[1.719571,41.89356],[1.716832,41.892205],[1.714637,41.892341],[1.713702,41.893226],[1.712552,41.895767],[1.710822,41.89699],[1.709745,41.897098],[1.708721,41.8966],[1.708747,41.894663],[1.712132,41.891048],[1.711444,41.890383],[1.711471,41.889446],[1.710062,41.888793],[1.708059,41.889091],[1.708134,41.890105],[1.70719,41.890207],[1.706333,41.889378],[1.706601,41.888756],[1.715941,41.88584],[1.719108,41.882389],[1.725267,41.893018],[1.720905,41.894658],[1.720295,41.895367],[1.719571,41.89356]],[[1.642852,41.312944],[1.64126,41.31255],[1.633587,41.313481],[1.629325,41.310645],[1.635682,41.309508],[1.640284,41.31042],[1.642512,41.312032],[1.642852,41.312944]],[[1.691055,41.231521],[1.691445,41.231421],[1.69104,41.231525],[1.691055,41.231521]],[[1.700677,41.22271],[1.700909,41.223433],[1.700714,41.222824],[1.700677,41.22271]],[[1.723086,41.217811],[1.722701,41.217627],[1.722711,41.217632],[1.723086,41.217811]],[[1.694409,41.270798],[1.695061,41.270595],[1.695056,41.270597],[1.694409,41.270798]],[[1.695116,41.270581],[1.69508,41.27059],[1.695061,41.270595],[1.695116,41.270581]],[[1.711919,41.26844],[1.710702,41.26819],[1.710259,41.268098],[1.711919,41.26844]],[[1.694749,41.343889],[1.694141,41.34407],[1.694754,41.343888],[1.694749,41.343889]],[[1.756556,41.224739],[1.756941,41.219366],[1.756905,41.21986],[1.756556,41.224739]],[[1.82504,41.562611],[1.824802,41.562613],[1.82576,41.562605],[1.82504,41.562611]],[[1.914762,41.384786],[1.915043,41.38455],[1.914758,41.38479],[1.914762,41.384786]],[[1.9253,41.382035],[1.925302,41.382035],[1.926135,41.382237],[1.9253,41.382035]],[[1.925441,41.381636],[1.92567,41.381703],[1.925739,41.381723],[1.925441,41.381636]],[[1.903444,41.370743],[1.90348,41.370775],[1.90333,41.370638],[1.903444,41.370743]],[[1.948172,41.386122],[1.948172,41.386122],[1.94809,41.386088],[1.948172,41.386122]],[[1.976661,41.573606],[1.976398,41.573723],[1.976057,41.573874],[1.976661,41.573606]],[[1.983778,41.570698],[1.983752,41.570754],[1.983745,41.570768],[1.983778,41.570698]],[[1.917284,41.519081],[1.913533,41.519408],[1.913533,41.519408],[1.917284,41.519081]],[[2.011106,41.559234],[2.01098,41.559494],[2.011507,41.558413],[2.011106,41.559234]],[[1.992834,41.571437],[1.996091,41.57002],[1.992224,41.571702],[1.992834,41.571437]],[[1.998271,41.568976],[1.99787,41.569156],[1.997839,41.569171],[1.998271,41.568976]],[[2.00029,41.571579],[2.000569,41.571944],[2.00029,41.571579],[2.00029,41.571579]],[[2.002405,41.573921],[2.002034,41.573841],[2.002405,41.573921],[2.002405,41.573921]],[[2.002767,41.572848],[2.002738,41.572856],[2.002743,41.572855],[2.002767,41.572848]],[[2.009037,41.572393],[2.004987,41.571809],[2.003929,41.571656],[2.009037,41.572393]],[[1.998939,41.57833],[1.998941,41.578329],[1.998308,41.578519],[1.998939,41.57833]],[[2.00081,41.577528],[2.000864,41.577516],[2.001625,41.57735],[2.00081,41.577528]],[[2.030262,41.568399],[2.032028,41.568238],[2.03026,41.568399],[2.030262,41.568399]],[[2.028682,41.567117],[2.02868,41.56712],[2.029322,41.565207],[2.028682,41.567117]],[[2.021176,42.12723],[2.018669,42.12734],[2.018205,42.126217],[2.017563,42.126047],[2.011214,42.126821],[2.00289,42.125555],[2.006169,42.123125],[2.006371,42.121235],[2.002028,42.120911],[2.001624,42.120236],[2.003045,42.120003],[2.004281,42.118814],[2.00337,42.117837],[2.004593,42.11664],[2.006984,42.115824],[2.007174,42.109036],[2.007902,42.10724],[2.009157,42.107662],[2.010361,42.107447],[2.013073,42.108715],[2.015259,42.108376],[2.017919,42.110222],[2.020592,42.115273],[2.021736,42.118878],[2.02134,42.119985],[2.020086,42.121102],[2.030145,42.121227],[2.031776,42.126999],[2.030462,42.127362],[2.030001,42.129021],[2.027134,42.129318],[2.026326,42.130866],[2.020759,42.131282],[2.02055,42.130787],[2.022267,42.128794],[2.022153,42.127664],[2.021176,42.12723]],[[2.024318,41.407215],[2.024115,41.407384],[2.025028,41.406624],[2.024318,41.407215]],[[2.026964,41.41013],[2.02682,41.409801],[2.026964,41.41013],[2.026964,41.41013]],[[2.031801,41.350938],[2.032818,41.350885],[2.032129,41.350921],[2.031801,41.350938]],[[2.033292,41.35084],[2.03376,41.35073],[2.033527,41.350785],[2.033292,41.35084]],[[2.062543,41.384698],[2.061779,41.385703],[2.061779,41.385703],[2.062543,41.384698]],[[2.086631,41.353281],[2.087661,41.35343],[2.086586,41.353274],[2.086631,41.353281]],[[2.056081,41.373824],[2.056511,41.373281],[2.056077,41.373829],[2.056081,41.373824]],[[2.065144,41.362522],[2.062971,41.363853],[2.061966,41.364391],[2.063433,41.363461],[2.065144,41.362522]],[[2.065145,41.362522],[2.065203,41.362557],[2.065144,41.362522],[2.065145,41.362522]],[[2.065203,41.362557],[2.065276,41.362601],[2.065685,41.362849],[2.065236,41.362578],[2.065203,41.362557]],[[2.060488,41.374848],[2.058808,41.374521],[2.062137,41.375084],[2.060488,41.374848],[2.059343,41.375924],[2.060488,41.374848]],[[2.064994,41.375347],[2.064994,41.375347],[2.062137,41.375084],[2.064994,41.375347]],[[2.070438,41.375881],[2.070438,41.375881],[2.070438,41.375881],[2.070438,41.375881]],[[2.060471,41.368416],[2.058662,41.367338],[2.060075,41.366142],[2.058662,41.367338],[2.060471,41.368416]],[[2.062051,41.367467],[2.061448,41.367211],[2.061448,41.367211],[2.062051,41.367467]],[[2.060021,41.364945],[2.059231,41.365237],[2.057692,41.365696],[2.060021,41.364945]],[[2.060511,41.364517],[2.060511,41.364517],[2.060021,41.364945],[2.060511,41.364517]],[[2.061148,41.364918],[2.060757,41.364677],[2.060761,41.364679],[2.061139,41.364913],[2.061148,41.364918]],[[2.061902,41.364403],[2.061597,41.364681],[2.061317,41.364836],[2.061163,41.364921],[2.061158,41.364924],[2.061902,41.364403]],[[2.061902,41.364403],[2.061942,41.364383],[2.061957,41.364388],[2.061902,41.364403]],[[2.062292,41.366173],[2.062746,41.365616],[2.062143,41.366356],[2.062292,41.366173]],[[2.071313,41.369682],[2.071288,41.369674],[2.070127,41.369268],[2.071313,41.369682]],[[2.061533,41.379557],[2.061454,41.379156],[2.061533,41.379557],[2.061533,41.379557]],[[2.065442,41.379556],[2.065345,41.379492],[2.065345,41.379492],[2.065442,41.379556]],[[2.07205,41.384035],[2.072057,41.384032],[2.072148,41.383993],[2.07205,41.384035]],[[2.058655,41.37787],[2.059536,41.37703],[2.059536,41.37703],[2.058655,41.37787]],[[2.059721,41.376145],[2.059721,41.376145],[2.059048,41.37677],[2.059721,41.376145]],[[2.065379,41.378836],[2.065379,41.378837],[2.065377,41.378823],[2.065379,41.378836]],[[2.065722,41.378524],[2.065722,41.378524],[2.065723,41.378524],[2.065722,41.378524]],[[2.065794,41.378477],[2.065794,41.378477],[2.065794,41.378477],[2.065794,41.378477]],[[2.066305,41.378166],[2.066301,41.378168],[2.066309,41.378163],[2.066305,41.378166]],[[2.066537,41.377939],[2.066532,41.377946],[2.06658,41.377881],[2.066537,41.377939]],[[2.067358,41.377087],[2.067351,41.377092],[2.067375,41.377076],[2.067358,41.377087]],[[2.067614,41.376939],[2.067599,41.376947],[2.067627,41.376933],[2.067614,41.376939]],[[2.067889,41.376819],[2.067887,41.37682],[2.067901,41.376815],[2.067889,41.376819]],[[2.065297,41.37946],[2.06532,41.379475],[2.065293,41.379457],[2.065297,41.37946]],[[2.065272,41.379443],[2.065274,41.379444],[2.065269,41.379441],[2.065272,41.379443]],[[2.065076,41.379277],[2.065069,41.37928],[2.065088,41.37927],[2.065076,41.379277]],[[2.058239,41.384366],[2.058239,41.384366],[2.058239,41.384366],[2.058239,41.384366]],[[2.06814,41.486842],[2.068123,41.486899],[2.067899,41.487653],[2.06814,41.486842]],[[2.072109,41.482384],[2.069998,41.48231],[2.069949,41.482308],[2.072109,41.482384]],[[2.083167,41.383979],[2.083108,41.384037],[2.083149,41.383997],[2.083167,41.383979]],[[2.193937,41.651992],[2.19409,41.652114],[2.19387,41.651939],[2.193937,41.651992]],[[2.160267,41.592457],[2.159961,41.59277],[2.160513,41.592156],[2.160267,41.592457]],[[2.163168,41.587807],[2.163157,41.58787],[2.163245,41.587648],[2.163168,41.587807]],[[2.163935,41.586645],[2.163787,41.586678],[2.164054,41.586596],[2.163935,41.586645]],[[2.170148,41.584833],[2.17004,41.584818],[2.170148,41.584833],[2.170148,41.584833]],[[2.173035,41.585388],[2.17306,41.585393],[2.17306,41.585393],[2.173035,41.585388]],[[2.17399,41.58301],[2.173953,41.582952],[2.173953,41.582952],[2.17399,41.58301]],[[2.176681,41.576045],[2.176656,41.575864],[2.176681,41.576045],[2.176681,41.576045]],[[2.173048,41.563441],[2.173234,41.564632],[2.173587,41.565117],[2.173234,41.564632],[2.173048,41.563441]],[[2.173919,41.555327],[2.173466,41.555291],[2.172831,41.555239],[2.173466,41.555291],[2.173919,41.555327]],[[2.171266,41.555003],[2.170149,41.556629],[2.16937,41.559168],[2.168759,41.559781],[2.16869,41.562378],[2.168759,41.559781],[2.16937,41.559168],[2.170149,41.556629],[2.171266,41.555003],[2.172831,41.555239],[2.171266,41.555003]],[[2.16769,41.562457],[2.166372,41.563827],[2.16769,41.562457],[2.16869,41.562378],[2.16769,41.562457]],[[2.153686,41.582418],[2.152381,41.583349],[2.152127,41.583774],[2.152381,41.583349],[2.153686,41.582418]],[[2.150436,41.577187],[2.152073,41.577376],[2.152983,41.577965],[2.151674,41.5805],[2.152547,41.581369],[2.151674,41.5805],[2.152983,41.577965],[2.150436,41.577187]],[[2.151052,41.574046],[2.157585,41.565309],[2.158808,41.564722],[2.161479,41.565277],[2.158808,41.564722],[2.157585,41.565309],[2.154197,41.569841],[2.151052,41.574046],[2.15027,41.576115],[2.149495,41.577078],[2.151052,41.574046]],[[2.163072,41.564665],[2.163072,41.564665],[2.161479,41.565277],[2.163072,41.564665]],[[2.241578,41.825594],[2.24139,41.823301],[2.24138,41.823178],[2.241578,41.825594]],[[2.234337,41.815012],[2.234496,41.81458],[2.234334,41.81502],[2.234337,41.815012]],[[2.240837,41.815997],[2.239655,41.814616],[2.241083,41.816283],[2.240837,41.815997]],[[2.235575,41.80803],[2.235573,41.808027],[2.235539,41.807977],[2.235575,41.80803]],[[2.230976,41.647046],[2.230976,41.647046],[2.231716,41.647059],[2.230976,41.647046]],[[2.24457,41.631216],[2.24357,41.631114],[2.244793,41.631239],[2.24457,41.631216]],[[2.296109,41.499975],[2.295361,41.499929],[2.295363,41.49993],[2.296109,41.499975]],[[2.249465,41.457398],[2.250308,41.456483],[2.249465,41.457398],[2.249465,41.457398]],[[2.361214,41.619633],[2.368316,41.626404],[2.365055,41.623295],[2.361214,41.619633]],[[2.295035,41.492311],[2.295398,41.491843],[2.295183,41.492121],[2.295035,41.492311]],[[2.432035,41.698543],[2.4372,41.702101],[2.4371,41.702032],[2.432035,41.698543]],[[2.403144,41.713261],[2.402207,41.718246],[2.40348,41.711472],[2.403144,41.713261]],[[2.359427,41.637072],[2.365456,41.637499],[2.363527,41.637362],[2.359427,41.637072]],[[2.538702,41.61442],[2.538702,41.61442],[2.538721,41.614397],[2.538702,41.61442]],[[2.575282,41.587859],[2.575195,41.587772],[2.575093,41.587671],[2.575282,41.587859]],[[2.584802,41.591833],[2.585518,41.592124],[2.584802,41.591833],[2.584802,41.591833]],[[2.58002,41.591796],[2.580769,41.592057],[2.580758,41.592054],[2.58002,41.591796]],[[2.750459,41.669994],[2.751016,41.669847],[2.750399,41.670009],[2.750459,41.669994]],[[2.74963,41.66494],[2.750877,41.665458],[2.750362,41.665244],[2.74963,41.66494]],[[2.463382,41.643596],[2.464702,41.643587],[2.464296,41.64359],[2.463382,41.643596]]],[[[1.681417,42.103637],[1.676106,42.103926],[1.67104,42.105078],[1.667258,42.104935],[1.661314,42.106321],[1.653485,42.109358],[1.651202,42.110711],[1.647769,42.111229],[1.645234,42.11261],[1.645945,42.11323],[1.65223,42.114514],[1.653885,42.113502],[1.65573,42.113436],[1.655621,42.115079],[1.65632,42.115383],[1.657718,42.114165],[1.660366,42.114327],[1.662853,42.113614],[1.668294,42.113761],[1.671407,42.114661],[1.678104,42.114297],[1.682079,42.114585],[1.688765,42.11261],[1.692037,42.112863],[1.692232,42.110271],[1.688251,42.106472],[1.688694,42.105266],[1.689752,42.104853],[1.689428,42.10456],[1.681417,42.103637]]]]}},{"type":"Feature","properties":{"CPRO":"17","province_name":"Girona"},"geometry":{"type":"MultiPolygon","coordinates":[[[[2.460931,41.785428],[2.456109,41.784172],[2.44412,41.789172],[2.444122,41.790612],[2.44303,41.794319],[2.443625,41.798351],[2.440457,41.800581],[2.438553,41.801104],[2.436886,41.802866],[2.4269,41.804582],[2.424028,41.803908],[2.416343,41.804803],[2.412529,41.803669],[2.410753,41.801583],[2.40733,41.801934],[2.405057,41.801663],[2.398399,41.804183],[2.396626,41.805698],[2.38793,41.805162],[2.384684,41.808061],[2.382565,41.808763],[2.379589,41.807715],[2.376366,41.804724],[2.370871,41.804046],[2.367458,41.804386],[2.364602,41.806626],[2.358228,41.806673],[2.354654,41.807101],[2.353746,41.807612],[2.351907,41.809651],[2.351876,41.812741],[2.350673,41.813751],[2.349871,41.815679],[2.34676,41.817328],[2.344115,41.821691],[2.344634,41.822865],[2.343957,41.82413],[2.343839,41.825747],[2.345867,41.826966],[2.347686,41.832327],[2.345929,41.835065],[2.34524,41.83734],[2.337974,41.84101],[2.336784,41.842767],[2.333345,41.844269],[2.33211,41.847216],[2.33015,41.848253],[2.326346,41.855649],[2.328705,41.856206],[2.330554,41.85585],[2.331077,41.856787],[2.330143,41.859307],[2.331298,41.860451],[2.331063,41.861101],[2.332127,41.86187],[2.332705,41.863464],[2.331395,41.863778],[2.330889,41.8648],[2.33202,41.865361],[2.329337,41.866538],[2.328126,41.868628],[2.326089,41.870498],[2.32619,41.871141],[2.324818,41.872169],[2.32556,41.873404],[2.324057,41.874005],[2.3239,41.874741],[2.324624,41.87504],[2.324161,41.875413],[2.324921,41.875567],[2.32552,41.876682],[2.325344,41.878041],[2.325822,41.878288],[2.326029,41.879323],[2.328339,41.881745],[2.328338,41.883033],[2.329992,41.882785],[2.330279,41.882186],[2.332545,41.883494],[2.334561,41.883832],[2.335415,41.885845],[2.337056,41.886885],[2.337079,41.888603],[2.337884,41.889151],[2.340833,41.887096],[2.342486,41.887271],[2.344902,41.886195],[2.34652,41.886668],[2.346712,41.88738],[2.34897,41.886725],[2.349853,41.886909],[2.35062,41.885856],[2.353047,41.884914],[2.353963,41.882611],[2.355629,41.88121],[2.356484,41.881062],[2.35781,41.881369],[2.358672,41.882454],[2.361881,41.883366],[2.36697,41.88013],[2.36823,41.884662],[2.370022,41.885487],[2.370599,41.884749],[2.370002,41.882238],[2.370773,41.881941],[2.370534,41.880818],[2.371428,41.879416],[2.373247,41.878701],[2.377557,41.8728],[2.378428,41.874127],[2.382964,41.871501],[2.383997,41.872029],[2.384269,41.873403],[2.384777,41.873721],[2.384151,41.874155],[2.384421,41.876492],[2.385529,41.877359],[2.387593,41.877685],[2.38757,41.879126],[2.388868,41.879524],[2.39024,41.878649],[2.394028,41.879002],[2.392993,41.880446],[2.395998,41.882645],[2.396158,41.883826],[2.39683,41.884227],[2.396066,41.885019],[2.396503,41.885772],[2.398333,41.885758],[2.400235,41.886452],[2.402266,41.885825],[2.404751,41.886293],[2.405904,41.888093],[2.405287,41.888923],[2.407475,41.895707],[2.415929,41.896216],[2.415592,41.895656],[2.417955,41.893249],[2.419995,41.894007],[2.422183,41.893805],[2.424787,41.896238],[2.427366,41.896098],[2.427435,41.895068],[2.428724,41.894917],[2.428913,41.894314],[2.431869,41.894219],[2.431336,41.893326],[2.431647,41.892591],[2.43117,41.892091],[2.431117,41.890329],[2.434872,41.890142],[2.435117,41.889338],[2.436374,41.888675],[2.438667,41.888575],[2.439638,41.887674],[2.440853,41.888075],[2.443055,41.887476],[2.44622,41.889558],[2.446249,41.893715],[2.446652,41.894767],[2.449145,41.895747],[2.452591,41.895889],[2.453876,41.895414],[2.457011,41.896705],[2.457933,41.897912],[2.45936,41.898258],[2.459954,41.900552],[2.460598,41.901035],[2.460219,41.90252],[2.469003,41.90463],[2.468303,41.905744],[2.47038,41.908607],[2.472956,41.909411],[2.473995,41.91226],[2.474841,41.91312],[2.475179,41.914958],[2.477737,41.91597],[2.481536,41.916004],[2.479272,41.918552],[2.478643,41.919933],[2.48063,41.922862],[2.480335,41.923912],[2.479129,41.925167],[2.47916,41.925678],[2.479621,41.925287],[2.479777,41.927521],[2.480588,41.928689],[2.480287,41.930089],[2.471921,41.937692],[2.471846,41.938505],[2.471105,41.939279],[2.465556,41.939112],[2.463661,41.938527],[2.46285,41.937792],[2.462552,41.941209],[2.461063,41.942126],[2.460764,41.943842],[2.459569,41.944394],[2.45713,41.943511],[2.456663,41.942282],[2.455204,41.940866],[2.454188,41.941824],[2.451699,41.942609],[2.45137,41.943696],[2.446403,41.943995],[2.445458,41.942096],[2.442587,41.941377],[2.441933,41.942615],[2.440347,41.943671],[2.440119,41.944681],[2.440567,41.946677],[2.437351,41.947991],[2.438333,41.951455],[2.442469,41.954553],[2.441889,41.955391],[2.442461,41.957291],[2.441836,41.959859],[2.439803,41.96317],[2.435518,41.964129],[2.432783,41.965718],[2.429748,41.965349],[2.429461,41.968918],[2.431456,41.969112],[2.434067,41.972427],[2.439239,41.973378],[2.441509,41.972838],[2.442901,41.971764],[2.443165,41.97005],[2.442435,41.969976],[2.441504,41.968544],[2.44192,41.968191],[2.449585,41.970077],[2.4524,41.966036],[2.456128,41.967875],[2.457176,41.966034],[2.461797,41.967875],[2.465572,41.96674],[2.468155,41.968021],[2.474673,41.96933],[2.472096,41.972055],[2.472712,41.975293],[2.475715,41.977535],[2.477054,41.97739],[2.480783,41.978517],[2.479901,41.982431],[2.488381,41.984653],[2.484079,41.986399],[2.480746,41.988755],[2.469139,41.99382],[2.474472,41.996059],[2.476473,41.997854],[2.476939,41.997382],[2.476876,42.001274],[2.479635,42.001358],[2.480556,41.999297],[2.479871,41.998213],[2.480898,41.996967],[2.483296,41.996645],[2.484959,41.99914],[2.488622,41.999072],[2.493558,42.00159],[2.49926,42.001505],[2.499221,42.004271],[2.500271,42.008037],[2.503695,42.009664],[2.501826,42.010663],[2.499042,42.011139],[2.497981,42.010875],[2.495515,42.011669],[2.495037,42.012421],[2.496246,42.01636],[2.494837,42.017517],[2.49493,42.019709],[2.494395,42.021202],[2.496874,42.020975],[2.499527,42.021496],[2.500538,42.022158],[2.501636,42.023969],[2.503495,42.024663],[2.503642,42.025943],[2.50521,42.027452],[2.506519,42.032259],[2.504061,42.032035],[2.500113,42.033026],[2.496971,42.036769],[2.492667,42.037831],[2.48788,42.045605],[2.486368,42.045434],[2.485914,42.046329],[2.484079,42.04648],[2.482577,42.049235],[2.48291,42.050858],[2.482433,42.051484],[2.482601,42.052313],[2.483745,42.052132],[2.486,42.054328],[2.490592,42.055188],[2.494384,42.058805],[2.496651,42.058894],[2.494514,42.061851],[2.492153,42.063738],[2.491945,42.065251],[2.49071,42.067309],[2.481436,42.068915],[2.477665,42.067349],[2.474469,42.06364],[2.472259,42.064484],[2.470683,42.069331],[2.467062,42.073726],[2.464026,42.075941],[2.458569,42.075149],[2.454964,42.077913],[2.453866,42.076669],[2.450001,42.077394],[2.448767,42.076534],[2.449237,42.074693],[2.448968,42.074229],[2.446149,42.073346],[2.443816,42.073187],[2.442711,42.071997],[2.439908,42.070303],[2.436396,42.068949],[2.429697,42.063937],[2.42786,42.064213],[2.426614,42.062355],[2.424286,42.063384],[2.423128,42.063123],[2.420985,42.065332],[2.417561,42.064855],[2.416541,42.067631],[2.41511,42.068275],[2.414958,42.068903],[2.412548,42.068981],[2.412218,42.068366],[2.411381,42.068604],[2.410893,42.069968],[2.409189,42.070823],[2.408547,42.072357],[2.408667,42.073486],[2.407749,42.074195],[2.407677,42.076053],[2.406667,42.076677],[2.406107,42.078756],[2.404276,42.079248],[2.404095,42.080103],[2.400397,42.082096],[2.395356,42.086763],[2.397617,42.087916],[2.395212,42.09119],[2.395607,42.092134],[2.395179,42.09265],[2.39538,42.095152],[2.40046,42.10215],[2.399896,42.102915],[2.397993,42.103131],[2.395117,42.104284],[2.380234,42.103706],[2.37715,42.105832],[2.377014,42.109781],[2.374152,42.113256],[2.374641,42.113737],[2.37433,42.116776],[2.369696,42.116175],[2.369119,42.117777],[2.366385,42.121336],[2.357626,42.120153],[2.356305,42.119116],[2.353439,42.120403],[2.351618,42.119453],[2.347351,42.121336],[2.34653,42.12078],[2.344602,42.120861],[2.342346,42.120201],[2.341022,42.11812],[2.33858,42.117559],[2.337148,42.116492],[2.336013,42.116653],[2.334058,42.115979],[2.326302,42.116493],[2.320243,42.115902],[2.319041,42.113545],[2.31863,42.114257],[2.316533,42.114202],[2.316175,42.11339],[2.3169,42.113095],[2.317866,42.113807],[2.318642,42.113257],[2.318212,42.112305],[2.317186,42.111606],[2.317352,42.110842],[2.310038,42.109705],[2.295281,42.102665],[2.295134,42.105111],[2.294341,42.105742],[2.297184,42.107357],[2.297577,42.108302],[2.301048,42.109474],[2.302491,42.11082],[2.302236,42.111534],[2.303773,42.112417],[2.301252,42.115532],[2.298925,42.115604],[2.298649,42.117084],[2.300739,42.118941],[2.301905,42.119004],[2.301568,42.119749],[2.300718,42.12013],[2.301159,42.120488],[2.300412,42.121972],[2.302493,42.122416],[2.301899,42.123848],[2.30244,42.124678],[2.301575,42.126041],[2.303228,42.127297],[2.302545,42.127815],[2.301292,42.127873],[2.301314,42.129438],[2.300512,42.129962],[2.300692,42.131682],[2.299909,42.134185],[2.297682,42.13228],[2.293993,42.131848],[2.29363,42.131118],[2.292526,42.130935],[2.291939,42.129269],[2.290871,42.13111],[2.288371,42.131433],[2.287317,42.13258],[2.287011,42.133692],[2.282114,42.134432],[2.281208,42.134014],[2.28102,42.133357],[2.279886,42.133823],[2.278086,42.13559],[2.276799,42.137864],[2.278886,42.138668],[2.281208,42.140694],[2.275915,42.140317],[2.273054,42.139369],[2.27265,42.140036],[2.274008,42.14081],[2.273457,42.142465],[2.27202,42.142361],[2.271452,42.142792],[2.272184,42.143748],[2.270382,42.1452],[2.269173,42.143032],[2.267075,42.142967],[2.264021,42.141442],[2.260942,42.141223],[2.258267,42.138717],[2.250218,42.138952],[2.24907,42.139401],[2.245965,42.139156],[2.244448,42.137776],[2.243382,42.137906],[2.240653,42.143082],[2.239439,42.143029],[2.238062,42.144083],[2.229591,42.142733],[2.225079,42.14302],[2.223616,42.142006],[2.215481,42.142081],[2.214976,42.140789],[2.215512,42.138928],[2.212226,42.139123],[2.211227,42.139925],[2.210489,42.139625],[2.210997,42.136973],[2.205825,42.133797],[2.206339,42.133134],[2.212534,42.13052],[2.213208,42.129301],[2.212684,42.127921],[2.210095,42.127625],[2.206586,42.131286],[2.204177,42.131846],[2.202699,42.130635],[2.202553,42.129147],[2.203218,42.127523],[2.205259,42.125873],[2.201427,42.124274],[2.19323,42.124151],[2.189516,42.124725],[2.186887,42.128517],[2.188795,42.131437],[2.187949,42.133961],[2.181715,42.135233],[2.164483,42.135283],[2.146277,42.131233],[2.145057,42.131396],[2.142758,42.1296],[2.140115,42.126541],[2.13776,42.1212],[2.134546,42.119444],[2.125912,42.112643],[2.124776,42.112991],[2.124848,42.113607],[2.123799,42.114838],[2.120518,42.116047],[2.117916,42.115445],[2.115323,42.117253],[2.112931,42.117053],[2.110924,42.119387],[2.108303,42.120619],[2.107178,42.120485],[2.105912,42.122124],[2.103424,42.123665],[2.100729,42.123812],[2.09966,42.124521],[2.099458,42.124869],[2.100774,42.124821],[2.100703,42.126689],[2.099351,42.12772],[2.096998,42.128156],[2.096979,42.128493],[2.098601,42.131318],[2.099445,42.135232],[2.101689,42.136935],[2.101392,42.139733],[2.095164,42.140084],[2.094796,42.141836],[2.093833,42.142027],[2.0928,42.14415],[2.090873,42.142507],[2.087537,42.141712],[2.081923,42.141051],[2.079588,42.141859],[2.077881,42.141822],[2.070708,42.140374],[2.070565,42.138844],[2.069874,42.138443],[2.064993,42.138364],[2.063209,42.135699],[2.063094,42.135141],[2.063596,42.134958],[2.061725,42.135077],[2.061385,42.135659],[2.060743,42.135345],[2.05682,42.137427],[2.054526,42.137781],[2.054304,42.139249],[2.052045,42.143076],[2.049616,42.143111],[2.046327,42.144346],[2.040186,42.142726],[2.037461,42.143296],[2.03523,42.146284],[2.034953,42.14843],[2.033681,42.149773],[2.032925,42.149546],[2.031351,42.151361],[2.028614,42.152247],[2.02571,42.152402],[2.019423,42.15031],[2.016627,42.150144],[2.013193,42.14926],[2.008393,42.149749],[2.004344,42.149503],[2.006219,42.151645],[2.003972,42.15276],[2.005648,42.154064],[2.005728,42.154925],[2.003199,42.156458],[1.997251,42.162039],[1.994489,42.165842],[1.99394,42.167784],[1.991131,42.171598],[1.992514,42.17241],[1.99135,42.175],[1.989897,42.175604],[1.989531,42.176637],[1.991559,42.178718],[1.991041,42.181208],[1.991851,42.182577],[1.984047,42.181081],[1.979141,42.182888],[1.971082,42.18015],[1.970974,42.178165],[1.966253,42.178775],[1.966311,42.182131],[1.964666,42.192034],[1.965571,42.19908],[1.970297,42.197443],[1.97536,42.198384],[1.976721,42.199063],[1.978574,42.197371],[1.980184,42.196599],[1.98582,42.194994],[2.007661,42.194058],[1.999765,42.192963],[1.998385,42.192042],[1.999313,42.188463],[2.002779,42.185296],[2.00647,42.18345],[2.005384,42.182571],[2.00134,42.176274],[1.995905,42.172289],[2.00284,42.167692],[2.004264,42.166261],[2.004763,42.162467],[2.005193,42.162088],[2.010847,42.162588],[2.013282,42.163994],[2.019806,42.164473],[2.023111,42.164031],[2.027678,42.166378],[2.028631,42.169991],[2.030545,42.170618],[2.031854,42.172172],[2.031514,42.173223],[2.031727,42.176967],[2.034223,42.177308],[2.037382,42.178978],[2.039887,42.177599],[2.042281,42.177871],[2.043396,42.176679],[2.045016,42.176796],[2.045661,42.17594],[2.054538,42.175539],[2.05719,42.176007],[2.057751,42.17546],[2.058266,42.175689],[2.058379,42.177107],[2.060873,42.177879],[2.05958,42.179115],[2.061307,42.179813],[2.06199,42.188966],[2.063908,42.1916],[2.063225,42.193053],[2.060642,42.195274],[2.057373,42.195265],[2.055758,42.19476],[2.053647,42.195151],[2.05287,42.195734],[2.0536,42.197142],[2.053211,42.198942],[2.053933,42.200549],[2.052441,42.202793],[2.052581,42.205299],[2.050837,42.208329],[2.051145,42.210215],[2.050707,42.212161],[2.051875,42.213595],[2.050492,42.215844],[2.053489,42.218331],[2.053657,42.219521],[2.049265,42.221399],[2.045303,42.221393],[2.04478,42.22075],[2.039807,42.221123],[2.035399,42.219309],[2.032448,42.21663],[2.030546,42.215858],[2.029641,42.216962],[2.028383,42.220337],[2.026045,42.222313],[2.026126,42.223022],[2.024914,42.223623],[2.025346,42.22419],[2.024116,42.225324],[2.023933,42.226224],[2.023029,42.226579],[2.023536,42.227322],[2.021166,42.227524],[2.020704,42.228273],[2.019742,42.22836],[2.019143,42.230727],[2.017071,42.2327],[2.019898,42.23245],[2.020993,42.231907],[2.025157,42.233237],[2.025444,42.235006],[2.024548,42.237144],[2.025398,42.23779],[2.025041,42.23984],[2.026742,42.240063],[2.027262,42.241264],[2.028156,42.241233],[2.027108,42.242216],[2.029361,42.243578],[2.028253,42.24411],[2.029931,42.244956],[2.029235,42.248543],[2.027792,42.249442],[2.029594,42.251372],[2.028646,42.251802],[2.02903,42.253422],[2.027434,42.253312],[2.029969,42.255172],[2.03074,42.256939],[2.032497,42.257384],[2.033598,42.258578],[2.034826,42.258929],[2.036308,42.258513],[2.037373,42.260023],[2.038353,42.259386],[2.039068,42.259687],[2.038971,42.260295],[2.040261,42.260517],[2.040104,42.262343],[2.041224,42.263311],[2.041073,42.264911],[2.042479,42.265677],[2.042145,42.266646],[2.043623,42.268003],[2.042584,42.269571],[2.045536,42.272519],[2.046985,42.272302],[2.047415,42.272671],[2.048777,42.275005],[2.050426,42.274707],[2.051874,42.275229],[2.051821,42.276077],[2.053486,42.278092],[2.052706,42.278802],[2.055751,42.280936],[2.057752,42.280803],[2.060183,42.282541],[2.067296,42.283846],[2.068062,42.285676],[2.069911,42.28771],[2.070259,42.291583],[2.069618,42.291918],[2.066701,42.290175],[2.065161,42.291224],[2.063829,42.2914],[2.061386,42.293894],[2.057398,42.295574],[2.055197,42.2955],[2.053766,42.296257],[2.050861,42.296322],[2.048019,42.297636],[2.045709,42.299836],[2.04042,42.302094],[2.038335,42.305139],[2.037567,42.305398],[2.03631,42.304994],[2.034262,42.306228],[2.028599,42.306243],[2.02663,42.307104],[2.024053,42.309162],[2.018879,42.310298],[2.01512,42.307564],[2.014327,42.307509],[2.012985,42.308333],[2.010248,42.307165],[2.007556,42.30686],[2.006183,42.307595],[2.005525,42.30649],[2.002637,42.305104],[1.996688,42.30395],[1.993669,42.302588],[1.993894,42.301291],[1.992453,42.300246],[1.991386,42.300716],[1.98689,42.3003],[1.984671,42.299379],[1.98419,42.298059],[1.977703,42.301447],[1.970679,42.303265],[1.956556,42.312287],[1.952023,42.31495],[1.94987,42.315656],[1.949055,42.315619],[1.947072,42.312148],[1.944984,42.310897],[1.943604,42.308454],[1.942476,42.31232],[1.939646,42.316458],[1.932001,42.318741],[1.921541,42.316995],[1.912912,42.318969],[1.907703,42.32156],[1.90689,42.322496],[1.903482,42.32329],[1.892889,42.320817],[1.893121,42.318694],[1.891122,42.317397],[1.886145,42.31782],[1.883798,42.317119],[1.884109,42.315809],[1.883415,42.314839],[1.882484,42.31487],[1.879511,42.312665],[1.874073,42.313563],[1.866095,42.312202],[1.864217,42.310976],[1.861776,42.313142],[1.860798,42.312094],[1.859565,42.31184],[1.858176,42.310666],[1.856887,42.310928],[1.854151,42.310216],[1.850923,42.310668],[1.842976,42.306395],[1.839821,42.310634],[1.840473,42.312182],[1.837733,42.315674],[1.836964,42.317345],[1.835135,42.319124],[1.834973,42.320337],[1.835723,42.321881],[1.835151,42.323445],[1.835439,42.324513],[1.833517,42.326818],[1.834821,42.327835],[1.834805,42.328573],[1.835885,42.329212],[1.835517,42.33074],[1.836584,42.331046],[1.83614,42.332217],[1.835204,42.332986],[1.836255,42.333392],[1.837168,42.335334],[1.83891,42.336683],[1.839329,42.338817],[1.840167,42.339619],[1.83639,42.341003],[1.836476,42.34244],[1.837937,42.344233],[1.839084,42.350469],[1.835519,42.355571],[1.844368,42.354782],[1.845665,42.35507],[1.84652,42.35624],[1.846308,42.359319],[1.848118,42.363645],[1.855518,42.369286],[1.849903,42.373955],[1.849698,42.37363],[1.848727,42.37471],[1.848205,42.374437],[1.846928,42.375205],[1.846346,42.376164],[1.842173,42.374873],[1.84096,42.375811],[1.840551,42.375504],[1.838806,42.376207],[1.83819,42.37588],[1.837322,42.376289],[1.838579,42.377265],[1.837645,42.377981],[1.835969,42.377251],[1.832871,42.381073],[1.832414,42.378679],[1.830351,42.381395],[1.828517,42.37933],[1.826969,42.37926],[1.822757,42.377854],[1.820459,42.375601],[1.819364,42.375413],[1.818067,42.374018],[1.814601,42.372363],[1.811796,42.37014],[1.80969,42.369752],[1.8064,42.370079],[1.804986,42.375406],[1.801869,42.37514],[1.800411,42.377984],[1.803389,42.381685],[1.805113,42.385646],[1.807926,42.390039],[1.807576,42.390702],[1.808858,42.393808],[1.80859,42.3995],[1.80546,42.407978],[1.805997,42.409117],[1.810197,42.411452],[1.810804,42.410814],[1.811375,42.411123],[1.808768,42.41532],[1.807416,42.418609],[1.803351,42.422652],[1.801907,42.424909],[1.798503,42.425835],[1.797366,42.426711],[1.794985,42.430854],[1.790607,42.430983],[1.785836,42.432002],[1.783112,42.431342],[1.777358,42.431591],[1.776022,42.43081],[1.770189,42.429217],[1.769732,42.428804],[1.769795,42.428036],[1.765151,42.430894],[1.757966,42.433111],[1.748667,42.433741],[1.745537,42.433168],[1.732286,42.440371],[1.732422,42.444921],[1.728775,42.448142],[1.727472,42.452949],[1.727754,42.458628],[1.726607,42.462114],[1.728159,42.465922],[1.731666,42.470179],[1.733457,42.47376],[1.730416,42.47746],[1.729989,42.479207],[1.728663,42.480657],[1.72762,42.480862],[1.726049,42.483088],[1.724633,42.486568],[1.725727,42.488341],[1.730099,42.492266],[1.736998,42.493565],[1.739029,42.494678],[1.743539,42.494482],[1.747452,42.495382],[1.749412,42.494752],[1.753845,42.491461],[1.763203,42.487498],[1.771642,42.48873],[1.785907,42.486126],[1.792864,42.485313],[1.805256,42.490194],[1.817324,42.483078],[1.823841,42.486513],[1.835616,42.481315],[1.840319,42.478109],[1.846428,42.472647],[1.844776,42.472041],[1.847199,42.470822],[1.847762,42.46961],[1.847662,42.468318],[1.855806,42.464506],[1.859712,42.462971],[1.862323,42.46621],[1.879549,42.460677],[1.882625,42.458484],[1.884,42.450853],[1.884724,42.449841],[1.886815,42.449382],[1.890159,42.450167],[1.891431,42.447924],[1.895911,42.447544],[1.896485,42.449599],[1.898917,42.450233],[1.904144,42.448514],[1.906814,42.448606],[1.908914,42.447328],[1.911751,42.447692],[1.91602,42.446158],[1.922398,42.447657],[1.92841,42.452233],[1.933171,42.454953],[1.935851,42.454243],[1.936962,42.454466],[1.9397,42.450476],[1.94118,42.446586],[1.943295,42.445036],[1.943468,42.441373],[1.941147,42.434595],[1.941301,42.430681],[1.943906,42.428732],[1.945548,42.428129],[1.953033,42.426734],[1.958933,42.423417],[1.957746,42.42147],[1.956529,42.417138],[1.956389,42.413678],[1.955548,42.412103],[1.956591,42.41023],[1.959861,42.406712],[1.961133,42.40437],[1.961642,42.401125],[1.960308,42.396375],[1.960342,42.394195],[1.961675,42.390311],[1.965019,42.387897],[1.964612,42.383368],[1.965712,42.38115],[1.968373,42.378253],[1.970057,42.377126],[1.972041,42.373961],[1.975656,42.372237],[1.977802,42.372045],[1.979132,42.371356],[1.986172,42.362146],[1.987754,42.361897],[1.989861,42.359842],[1.990948,42.359461],[1.994643,42.360434],[1.997169,42.359082],[1.998384,42.356193],[2.00301,42.356359],[2.006413,42.353816],[2.009757,42.353282],[2.011995,42.35349],[2.011882,42.351469],[2.012325,42.350171],[2.015548,42.347365],[2.018854,42.351839],[2.022717,42.355675],[2.027946,42.355644],[2.033041,42.357418],[2.035682,42.357806],[2.046541,42.357751],[2.046134,42.35631],[2.047923,42.35606],[2.048625,42.356488],[2.049052,42.35773],[2.049766,42.358004],[2.053042,42.35858],[2.059283,42.358754],[2.061356,42.360832],[2.074506,42.364931],[2.082043,42.364155],[2.084307,42.362127],[2.08608,42.364236],[2.086573,42.366582],[2.086285,42.368269],[2.086893,42.370385],[2.089178,42.372957],[2.089431,42.374287],[2.097128,42.376528],[2.104694,42.380125],[2.107036,42.38011],[2.114273,42.382191],[2.116746,42.383331],[2.11509,42.384621],[2.114006,42.38638],[2.113839,42.389538],[2.1156,42.393124],[2.115466,42.394606],[2.116813,42.395635],[2.122042,42.397211],[2.121828,42.398598],[2.122732,42.400007],[2.121525,42.402483],[2.123235,42.407511],[2.124927,42.409785],[2.129083,42.413821],[2.13298,42.414519],[2.137023,42.416417],[2.143381,42.417202],[2.145003,42.418309],[2.147273,42.418738],[2.148904,42.420546],[2.154665,42.421745],[2.157154,42.42364],[2.159678,42.422122],[2.166155,42.422874],[2.167924,42.425026],[2.170803,42.422943],[2.173985,42.422484],[2.176186,42.421619],[2.180464,42.418985],[2.184374,42.41969],[2.18728,42.417659],[2.190101,42.417531],[2.190841,42.418847],[2.193766,42.418805],[2.200081,42.417158],[2.203175,42.417693],[2.207142,42.41717],[2.207515,42.419764],[2.210694,42.420006],[2.212432,42.420737],[2.213623,42.421628],[2.21411,42.424118],[2.216856,42.422948],[2.21988,42.422927],[2.220287,42.423584],[2.22404,42.425753],[2.231153,42.426967],[2.233326,42.425922],[2.241058,42.428584],[2.246161,42.428575],[2.24744,42.430497],[2.251482,42.434074],[2.251894,42.436522],[2.256714,42.438785],[2.260909,42.437359],[2.267527,42.433525],[2.271272,42.434271],[2.274636,42.432216],[2.275569,42.432182],[2.276718,42.430824],[2.277756,42.428129],[2.283161,42.427528],[2.284582,42.428093],[2.286191,42.427424],[2.286262,42.426106],[2.288336,42.425479],[2.29158,42.42289],[2.298467,42.423291],[2.300586,42.423913],[2.305333,42.426456],[2.306858,42.428681],[2.312589,42.428622],[2.319446,42.425359],[2.318686,42.422424],[2.319847,42.422073],[2.32095,42.420743],[2.323866,42.418888],[2.32443,42.417943],[2.329617,42.417071],[2.331289,42.415724],[2.337007,42.416384],[2.340368,42.416191],[2.344141,42.416978],[2.346125,42.415598],[2.345309,42.413152],[2.346392,42.40932],[2.351837,42.406067],[2.361192,42.40282],[2.366828,42.402529],[2.367755,42.401864],[2.372161,42.40055],[2.379091,42.40161],[2.385162,42.400172],[2.387463,42.400234],[2.388784,42.398786],[2.389643,42.398736],[2.390038,42.39797],[2.393125,42.396294],[2.396375,42.395106],[2.399699,42.395192],[2.402397,42.394227],[2.403648,42.393241],[2.404675,42.393606],[2.405673,42.39292],[2.40841,42.393115],[2.414885,42.392151],[2.417099,42.393171],[2.422284,42.393303],[2.426672,42.394328],[2.429618,42.394261],[2.433737,42.3933],[2.435733,42.389145],[2.436043,42.387113],[2.43485,42.382723],[2.433358,42.381344],[2.43455,42.378704],[2.434767,42.377001],[2.435846,42.375293],[2.443214,42.371063],[2.448654,42.36912],[2.453049,42.369955],[2.4561,42.368324],[2.457207,42.363454],[2.461605,42.362794],[2.466548,42.360874],[2.467582,42.358943],[2.467583,42.357971],[2.470463,42.355502],[2.472436,42.353067],[2.472218,42.351817],[2.473431,42.349436],[2.475161,42.34812],[2.476004,42.346099],[2.477354,42.344594],[2.481499,42.340776],[2.483567,42.339858],[2.485803,42.340876],[2.487309,42.340326],[2.491999,42.342487],[2.494291,42.342052],[2.50056,42.343245],[2.50309,42.341782],[2.505815,42.341723],[2.510535,42.339641],[2.511725,42.337846],[2.51655,42.335993],[2.520041,42.33568],[2.521431,42.334794],[2.526466,42.333407],[2.533192,42.332757],[2.536045,42.334024],[2.542393,42.333905],[2.544089,42.338837],[2.549078,42.339684],[2.550064,42.341095],[2.551915,42.341032],[2.553023,42.343544],[2.552215,42.344834],[2.554187,42.345864],[2.554262,42.347813],[2.554942,42.348231],[2.554303,42.353087],[2.554925,42.354632],[2.557047,42.353656],[2.562313,42.355416],[2.561945,42.35619],[2.564204,42.355801],[2.571548,42.358549],[2.575957,42.357758],[2.577606,42.35828],[2.580972,42.357513],[2.59154,42.353782],[2.599711,42.352032],[2.601238,42.349697],[2.604945,42.349345],[2.609469,42.348087],[2.612723,42.345938],[2.623101,42.345005],[2.63156,42.34556],[2.638531,42.343452],[2.64225,42.344466],[2.644872,42.344471],[2.648322,42.343563],[2.651083,42.344317],[2.655163,42.342855],[2.65522,42.342141],[2.660386,42.34076],[2.661369,42.341162],[2.662061,42.340497],[2.667173,42.341207],[2.669496,42.340587],[2.672008,42.340733],[2.673091,42.341705],[2.675815,42.342308],[2.676278,42.346363],[2.676051,42.347202],[2.67517,42.347804],[2.67516,42.348498],[2.676275,42.351035],[2.675719,42.352539],[2.676317,42.354319],[2.675052,42.355363],[2.675599,42.357127],[2.673852,42.357403],[2.674317,42.359054],[2.673024,42.359389],[2.672928,42.359933],[2.671586,42.359856],[2.670516,42.361998],[2.667376,42.361766],[2.666928,42.362455],[2.665307,42.362778],[2.664318,42.363934],[2.664412,42.364974],[2.663022,42.365178],[2.661204,42.366825],[2.662235,42.370042],[2.663582,42.372325],[2.658828,42.378178],[2.659556,42.379663],[2.656983,42.38196],[2.652371,42.384547],[2.651848,42.385752],[2.652604,42.387542],[2.654547,42.388355],[2.665909,42.385478],[2.671592,42.386817],[2.672839,42.391355],[2.673874,42.399036],[2.673853,42.400018],[2.671633,42.402604],[2.67231,42.403642],[2.674534,42.405134],[2.680007,42.40695],[2.686328,42.407266],[2.689593,42.406032],[2.693597,42.406381],[2.697816,42.410303],[2.703272,42.411129],[2.704832,42.412122],[2.706416,42.414302],[2.710227,42.415597],[2.712583,42.41719],[2.713784,42.419038],[2.715825,42.419836],[2.717755,42.421288],[2.725215,42.422886],[2.73018,42.422304],[2.734288,42.424708],[2.735843,42.42391],[2.739245,42.423244],[2.744482,42.424844],[2.750832,42.425055],[2.753485,42.426029],[2.755509,42.425837],[2.757668,42.424603],[2.758169,42.421193],[2.759943,42.418556],[2.770477,42.411696],[2.773254,42.412825],[2.775831,42.412712],[2.777143,42.411665],[2.77823,42.412123],[2.784206,42.417384],[2.786438,42.417739],[2.789089,42.417109],[2.791397,42.41737],[2.791407,42.41827],[2.799677,42.418228],[2.801088,42.421136],[2.800869,42.423632],[2.803835,42.42863],[2.807263,42.431003],[2.810008,42.431125],[2.812974,42.435853],[2.814393,42.437257],[2.817467,42.438955],[2.818953,42.440427],[2.825235,42.438721],[2.828068,42.439387],[2.833848,42.44821],[2.833964,42.449852],[2.832751,42.45157],[2.833122,42.452811],[2.83576,42.454774],[2.836239,42.456388],[2.837939,42.457282],[2.838635,42.458624],[2.839722,42.459198],[2.847067,42.457526],[2.853413,42.454798],[2.8573,42.454373],[2.861783,42.45526],[2.864829,42.459226],[2.863894,42.464045],[2.865717,42.464554],[2.866346,42.465692],[2.86762,42.466563],[2.870654,42.46755],[2.876372,42.465645],[2.880218,42.462963],[2.882569,42.460555],[2.886175,42.459991],[2.88803,42.46058],[2.889688,42.461917],[2.893473,42.461577],[2.899435,42.459955],[2.901115,42.458302],[2.905363,42.457065],[2.911276,42.457507],[2.918774,42.456191],[2.919753,42.457032],[2.925067,42.458853],[2.925794,42.461903],[2.925271,42.464091],[2.927399,42.466141],[2.928878,42.469314],[2.930287,42.471095],[2.930444,42.47223],[2.932193,42.474524],[2.935847,42.474974],[2.937274,42.475656],[2.939318,42.477719],[2.941884,42.478873],[2.944987,42.47953],[2.946299,42.480542],[2.947423,42.482392],[2.948764,42.480252],[2.951208,42.478072],[2.960965,42.473521],[2.962854,42.47038],[2.966059,42.467773],[2.967131,42.465881],[2.96792,42.46548],[2.976546,42.467585],[2.979651,42.467252],[2.980811,42.467686],[2.981714,42.467012],[2.980811,42.467686],[2.980919,42.468428],[2.982716,42.469549],[2.982599,42.470491],[2.983442,42.471806],[2.988949,42.473957],[3.00087,42.472863],[3.002636,42.472005],[3.004079,42.470435],[3.007815,42.469455],[3.013584,42.466352],[3.016666,42.468953],[3.022218,42.471181],[3.023169,42.471959],[3.027567,42.472303],[3.03072,42.474234],[3.033715,42.474778],[3.036491,42.473677],[3.039216,42.473569],[3.041286,42.472586],[3.042356,42.470576],[3.042112,42.469428],[3.043228,42.468019],[3.043537,42.465932],[3.045392,42.463359],[3.045704,42.461686],[3.046892,42.460894],[3.047533,42.457079],[3.05147,42.454422],[3.051764,42.452939],[3.053382,42.451944],[3.054671,42.449941],[3.05705,42.448275],[3.058604,42.445736],[3.063703,42.444304],[3.0671,42.442728],[3.07052,42.436641],[3.070474,42.435788],[3.074457,42.435001],[3.076974,42.435398],[3.076812,42.433849],[3.078763,42.430667],[3.081158,42.428424],[3.084163,42.427085],[3.085464,42.425971],[3.093031,42.425063],[3.099549,42.42513],[3.102989,42.426512],[3.102901,42.428353],[3.104337,42.429753],[3.106993,42.430952],[3.107797,42.433465],[3.110355,42.435273],[3.113757,42.434893],[3.117729,42.436246],[3.121271,42.438415],[3.122106,42.43639],[3.125002,42.435064],[3.128899,42.435026],[3.134407,42.435802],[3.138337,42.435482],[3.140288,42.433937],[3.143762,42.433796],[3.144965,42.433056],[3.149507,42.434143],[3.150365,42.434844],[3.153587,42.435724],[3.15695,42.43421],[3.163339,42.435909],[3.166939,42.435202],[3.169803,42.435533],[3.172931,42.434716],[3.175039,42.435394],[3.175513,42.435026],[3.174915,42.434626],[3.175394,42.43443],[3.174943,42.434292],[3.17541,42.433484],[3.17412,42.433832],[3.171746,42.433169],[3.171075,42.432404],[3.171282,42.431294],[3.170775,42.430962],[3.170013,42.431246],[3.169267,42.430575],[3.169734,42.430019],[3.164795,42.43033],[3.164789,42.429404],[3.162697,42.429625],[3.162223,42.429128],[3.162923,42.428838],[3.161055,42.428129],[3.161676,42.426907],[3.164107,42.427163],[3.165317,42.425504],[3.166097,42.425651],[3.167274,42.424778],[3.170508,42.425287],[3.171194,42.424116],[3.170074,42.423969],[3.169629,42.42339],[3.169666,42.421795],[3.169301,42.421671],[3.169836,42.420679],[3.169276,42.419926],[3.17049,42.419176],[3.169774,42.418945],[3.16963,42.418223],[3.170822,42.417493],[3.171363,42.41632],[3.171193,42.415708],[3.167695,42.41497],[3.167808,42.41464],[3.166623,42.414452],[3.166233,42.413699],[3.165034,42.413233],[3.166075,42.411466],[3.165322,42.411345],[3.164853,42.410902],[3.162275,42.411248],[3.161779,42.40916],[3.158847,42.408247],[3.15941,42.407802],[3.159139,42.407511],[3.158112,42.407818],[3.156339,42.407329],[3.15613,42.405315],[3.157412,42.404273],[3.158362,42.403925],[3.160681,42.404907],[3.161577,42.404391],[3.162758,42.404543],[3.163554,42.40423],[3.165251,42.401357],[3.166309,42.401867],[3.166859,42.401279],[3.165939,42.400573],[3.165415,42.400799],[3.165209,42.399937],[3.163182,42.399578],[3.160319,42.397392],[3.158146,42.396654],[3.15828,42.395918],[3.156903,42.396361],[3.156868,42.39576],[3.153585,42.394479],[3.153199,42.39314],[3.153804,42.391388],[3.154884,42.390763],[3.156899,42.390627],[3.157984,42.389687],[3.159114,42.389689],[3.160107,42.388924],[3.160973,42.389211],[3.161615,42.390427],[3.162949,42.390652],[3.163017,42.39172],[3.163604,42.39176],[3.163863,42.391305],[3.164286,42.391534],[3.164936,42.390113],[3.16558,42.39024],[3.166416,42.38961],[3.167155,42.389957],[3.167387,42.388864],[3.164831,42.388183],[3.164161,42.387049],[3.163294,42.386628],[3.163596,42.386243],[3.162986,42.386212],[3.163213,42.38494],[3.161259,42.385559],[3.159855,42.384995],[3.159203,42.383662],[3.158059,42.382896],[3.157856,42.381574],[3.15595,42.380705],[3.155607,42.379931],[3.15617,42.379109],[3.15542,42.378762],[3.156559,42.377882],[3.157606,42.378032],[3.157548,42.376577],[3.159158,42.3764],[3.159106,42.37562],[3.158511,42.37513],[3.159585,42.373821],[3.158941,42.373072],[3.15943,42.371993],[3.161858,42.371259],[3.163358,42.371448],[3.164263,42.371885],[3.163501,42.372781],[3.163706,42.373265],[3.164934,42.373532],[3.165518,42.372555],[3.165044,42.371312],[3.166528,42.370971],[3.165869,42.370313],[3.166464,42.369696],[3.16611,42.36931],[3.167366,42.367883],[3.166547,42.366343],[3.165326,42.366265],[3.164843,42.365805],[3.165027,42.365201],[3.163675,42.365031],[3.163546,42.363966],[3.164033,42.363859],[3.163566,42.363299],[3.165393,42.362867],[3.164753,42.362776],[3.164968,42.362125],[3.163216,42.361338],[3.163281,42.360524],[3.167913,42.359239],[3.169045,42.358656],[3.169154,42.357912],[3.170124,42.35839],[3.170607,42.357878],[3.171632,42.357931],[3.171342,42.357199],[3.172476,42.356634],[3.17254,42.355802],[3.174796,42.355419],[3.17518,42.35476],[3.176502,42.354256],[3.178052,42.354595],[3.178632,42.353826],[3.178251,42.353288],[3.178533,42.353066],[3.180068,42.353622],[3.181467,42.352547],[3.182891,42.352839],[3.183532,42.352444],[3.182833,42.351753],[3.183165,42.35106],[3.184166,42.351735],[3.184696,42.350707],[3.185384,42.350544],[3.186149,42.351042],[3.185838,42.351824],[3.188337,42.352067],[3.189089,42.35046],[3.186677,42.34852],[3.186986,42.347469],[3.186428,42.346482],[3.185515,42.346081],[3.185294,42.345067],[3.186437,42.343115],[3.188443,42.342295],[3.189085,42.341549],[3.190374,42.341452],[3.190012,42.340733],[3.190467,42.339314],[3.191263,42.338523],[3.192717,42.338877],[3.193936,42.338198],[3.194971,42.335892],[3.196369,42.335924],[3.196767,42.335038],[3.198334,42.334809],[3.200385,42.335058],[3.203266,42.336468],[3.203749,42.337684],[3.203043,42.338271],[3.204023,42.338731],[3.204174,42.339893],[3.203269,42.341788],[3.202308,42.342254],[3.202898,42.341844],[3.202206,42.341836],[3.202722,42.341412],[3.201532,42.341891],[3.200662,42.340696],[3.200152,42.340823],[3.201397,42.342618],[3.201456,42.343587],[3.202278,42.34429],[3.202257,42.345182],[3.203768,42.346351],[3.204028,42.347264],[3.205432,42.347476],[3.206454,42.346394],[3.209834,42.345482],[3.209486,42.344789],[3.209792,42.344071],[3.210397,42.343939],[3.21063,42.3447],[3.211463,42.34515],[3.211355,42.34602],[3.212411,42.347007],[3.21546,42.346544],[3.216254,42.347707],[3.215285,42.349317],[3.219282,42.349729],[3.220289,42.348747],[3.221372,42.348895],[3.223022,42.347185],[3.222981,42.348358],[3.223494,42.349005],[3.224785,42.349303],[3.225543,42.348992],[3.226347,42.349758],[3.227179,42.349335],[3.227012,42.350469],[3.228052,42.350548],[3.22792,42.351302],[3.229744,42.351463],[3.229474,42.35119],[3.231752,42.351156],[3.233006,42.350214],[3.234432,42.35028],[3.235235,42.349444],[3.236318,42.350078],[3.238678,42.34904],[3.239053,42.347319],[3.238056,42.344853],[3.238633,42.344065],[3.237387,42.343368],[3.237987,42.342201],[3.238868,42.34191],[3.238386,42.340847],[3.238896,42.340972],[3.240546,42.339622],[3.239973,42.337394],[3.241659,42.337509],[3.240823,42.337032],[3.241436,42.335271],[3.243411,42.336468],[3.246798,42.336481],[3.247016,42.335875],[3.246242,42.335404],[3.248061,42.333693],[3.24762,42.332061],[3.250271,42.329927],[3.251749,42.330269],[3.251385,42.331612],[3.250439,42.332591],[3.251306,42.334119],[3.25074,42.3355],[3.251438,42.335813],[3.25229,42.334614],[3.253764,42.334191],[3.253926,42.333498],[3.255138,42.334224],[3.254666,42.335204],[3.256988,42.335374],[3.259351,42.334983],[3.25941,42.334359],[3.260652,42.333553],[3.260229,42.334296],[3.260547,42.335053],[3.262465,42.334335],[3.262783,42.334606],[3.261228,42.336285],[3.261568,42.336779],[3.261212,42.337708],[3.262049,42.337347],[3.262251,42.337669],[3.26251,42.336979],[3.263335,42.336862],[3.263257,42.338271],[3.261748,42.340415],[3.26585,42.340793],[3.266507,42.340316],[3.26806,42.340437],[3.268033,42.340052],[3.268644,42.34009],[3.268592,42.339328],[3.270373,42.339059],[3.270825,42.338359],[3.271699,42.338734],[3.271493,42.337999],[3.273536,42.337931],[3.274814,42.337123],[3.27545,42.337295],[3.276489,42.336401],[3.276834,42.336454],[3.276497,42.337328],[3.277063,42.337531],[3.278487,42.337083],[3.279144,42.336255],[3.279845,42.336838],[3.280851,42.336224],[3.2812,42.335584],[3.279083,42.334917],[3.280306,42.334769],[3.280868,42.333721],[3.280121,42.332799],[3.278023,42.332446],[3.28139,42.332027],[3.282386,42.332161],[3.281771,42.332798],[3.282778,42.332923],[3.284262,42.332238],[3.283961,42.331894],[3.285852,42.331754],[3.287383,42.328754],[3.287073,42.327835],[3.287421,42.327068],[3.285996,42.325437],[3.286754,42.325368],[3.287596,42.32651],[3.288487,42.326443],[3.288114,42.326841],[3.288347,42.327711],[3.289431,42.327516],[3.289133,42.328171],[3.289511,42.329411],[3.291193,42.329003],[3.293499,42.32659],[3.292436,42.328574],[3.292805,42.329229],[3.292531,42.329523],[3.293668,42.329002],[3.29463,42.329768],[3.295918,42.328941],[3.297305,42.328981],[3.297412,42.327994],[3.301234,42.32655],[3.301214,42.32611],[3.302235,42.326612],[3.303859,42.326594],[3.305587,42.325446],[3.305886,42.325762],[3.3048,42.326668],[3.305756,42.327003],[3.308282,42.326791],[3.308802,42.325448],[3.30765,42.324972],[3.308519,42.324195],[3.308258,42.323651],[3.30933,42.323097],[3.307968,42.323064],[3.307548,42.322259],[3.309391,42.321041],[3.309597,42.321408],[3.310288,42.321163],[3.311477,42.320071],[3.311996,42.320168],[3.311634,42.320674],[3.311924,42.321504],[3.310712,42.323209],[3.310865,42.323885],[3.311549,42.32418],[3.311355,42.324785],[3.31413,42.324272],[3.315637,42.32273],[3.316211,42.323373],[3.317357,42.322464],[3.319271,42.322079],[3.320204,42.321343],[3.319374,42.320813],[3.319692,42.320355],[3.322543,42.319396],[3.321641,42.318743],[3.321658,42.317833],[3.320738,42.317362],[3.320648,42.31671],[3.317804,42.316769],[3.317204,42.317324],[3.315667,42.317472],[3.31716,42.31567],[3.318494,42.315308],[3.318902,42.314421],[3.316109,42.314387],[3.313286,42.317432],[3.311773,42.317345],[3.311617,42.317003],[3.312736,42.316428],[3.312474,42.315146],[3.313288,42.313589],[3.313107,42.312996],[3.312099,42.312376],[3.309601,42.312739],[3.308123,42.313847],[3.308647,42.312297],[3.307875,42.31234],[3.307459,42.311571],[3.308057,42.31052],[3.306459,42.310915],[3.306885,42.311773],[3.306613,42.312931],[3.305861,42.311119],[3.304084,42.311181],[3.304594,42.309847],[3.303174,42.310925],[3.30309,42.310092],[3.302132,42.309965],[3.302878,42.309429],[3.302952,42.307985],[3.300464,42.307483],[3.300542,42.307173],[3.29856,42.306517],[3.300208,42.305769],[3.300758,42.304487],[3.300075,42.304084],[3.299227,42.304572],[3.299118,42.303849],[3.296159,42.304453],[3.295425,42.304871],[3.295028,42.306847],[3.294171,42.306282],[3.29358,42.306791],[3.291281,42.307206],[3.290367,42.306554],[3.289688,42.306799],[3.290328,42.304351],[3.2893,42.304129],[3.288568,42.302999],[3.286907,42.303486],[3.287554,42.302308],[3.288367,42.301957],[3.289485,42.302588],[3.289973,42.302129],[3.292457,42.302236],[3.293261,42.301669],[3.292508,42.300072],[3.291561,42.299819],[3.292238,42.298827],[3.291501,42.298373],[3.289733,42.298875],[3.29009,42.298207],[3.288963,42.29736],[3.289523,42.296897],[3.291784,42.296953],[3.291985,42.294601],[3.289493,42.293812],[3.287705,42.29436],[3.286695,42.293353],[3.287243,42.292279],[3.291251,42.289439],[3.291943,42.289329],[3.290751,42.290628],[3.29078,42.292246],[3.296262,42.289847],[3.298465,42.287628],[3.298016,42.286294],[3.299339,42.285582],[3.299308,42.284422],[3.297834,42.28544],[3.296207,42.285656],[3.296025,42.285297],[3.29718,42.283757],[3.295981,42.284003],[3.295528,42.28275],[3.293928,42.283117],[3.292497,42.282746],[3.291657,42.283431],[3.290699,42.282215],[3.288572,42.283493],[3.287975,42.282491],[3.28718,42.283875],[3.288132,42.284426],[3.288018,42.284747],[3.286492,42.285849],[3.285061,42.285234],[3.28357,42.285721],[3.281925,42.286973],[3.281127,42.2887],[3.279158,42.288772],[3.277576,42.288103],[3.277536,42.287331],[3.276509,42.287244],[3.276983,42.285678],[3.275989,42.284221],[3.276377,42.283245],[3.278753,42.282152],[3.280671,42.28048],[3.277356,42.281148],[3.277131,42.279864],[3.280489,42.276952],[3.2813,42.275126],[3.280906,42.274328],[3.28343,42.273514],[3.283051,42.272869],[3.283329,42.270189],[3.284077,42.270157],[3.285601,42.271217],[3.287261,42.271098],[3.287744,42.269379],[3.2867,42.267538],[3.286985,42.266748],[3.288045,42.266203],[3.28799,42.265162],[3.287172,42.263641],[3.284348,42.261213],[3.284166,42.260116],[3.282817,42.258498],[3.281344,42.25794],[3.281406,42.257225],[3.280552,42.255832],[3.281677,42.253862],[3.27947,42.254938],[3.279795,42.253336],[3.277057,42.25273],[3.275238,42.253082],[3.274683,42.254075],[3.269133,42.253336],[3.266178,42.253471],[3.265112,42.253116],[3.264438,42.25218],[3.262744,42.251958],[3.261866,42.250926],[3.259783,42.251787],[3.25922,42.251485],[3.258246,42.252538],[3.256377,42.252631],[3.255171,42.253417],[3.254195,42.252742],[3.254222,42.251669],[3.25546,42.251205],[3.256064,42.250335],[3.256045,42.249409],[3.25683,42.248772],[3.255544,42.247168],[3.252985,42.246525],[3.254513,42.245568],[3.255082,42.243971],[3.257581,42.243159],[3.263148,42.244195],[3.266905,42.243359],[3.267182,42.242615],[3.265469,42.24098],[3.266445,42.240198],[3.266335,42.238728],[3.264927,42.238328],[3.264947,42.237679],[3.262061,42.237036],[3.259819,42.238851],[3.25501,42.238853],[3.254731,42.239462],[3.252018,42.239584],[3.249729,42.240447],[3.248098,42.241833],[3.247775,42.242606],[3.248216,42.243878],[3.245652,42.246251],[3.245621,42.247036],[3.243965,42.249647],[3.242119,42.249594],[3.240519,42.250933],[3.23932,42.250935],[3.237821,42.24865],[3.23797,42.247706],[3.237506,42.247542],[3.235038,42.248811],[3.232512,42.249237],[3.229843,42.251525],[3.227678,42.250706],[3.227204,42.249094],[3.231384,42.245059],[3.229738,42.243726],[3.227147,42.244102],[3.226808,42.243616],[3.227397,42.242099],[3.229349,42.241137],[3.229648,42.240482],[3.228009,42.23959],[3.225556,42.239769],[3.22544,42.239334],[3.22694,42.237596],[3.221505,42.23665],[3.221214,42.23591],[3.221861,42.234119],[3.220295,42.23298],[3.219608,42.233135],[3.219334,42.232321],[3.218581,42.232551],[3.218278,42.233531],[3.217351,42.233833],[3.217099,42.234711],[3.215662,42.234637],[3.212731,42.237226],[3.208188,42.237338],[3.208063,42.238038],[3.209596,42.239089],[3.209303,42.239933],[3.207671,42.241066],[3.204565,42.240901],[3.203294,42.241889],[3.201533,42.242092],[3.1994,42.243315],[3.198238,42.245295],[3.198379,42.246368],[3.196842,42.247117],[3.194705,42.247071],[3.192582,42.245566],[3.184708,42.24557],[3.183988,42.244897],[3.182451,42.245413],[3.181463,42.246699],[3.181386,42.248018],[3.182485,42.24983],[3.181708,42.2508],[3.178904,42.250996],[3.181459,42.250984],[3.182137,42.252091],[3.181635,42.255619],[3.17856,42.255399],[3.178678,42.25586],[3.181652,42.25641],[3.181213,42.257991],[3.179301,42.259742],[3.178557,42.259692],[3.178862,42.26052],[3.178457,42.260157],[3.17554,42.261548],[3.173958,42.263956],[3.172554,42.264346],[3.171916,42.263895],[3.171877,42.264482],[3.171199,42.264618],[3.166981,42.264737],[3.161997,42.263953],[3.15431,42.261316],[3.151168,42.259541],[3.151833,42.258776],[3.151429,42.257376],[3.151112,42.257474],[3.151506,42.258164],[3.149584,42.258456],[3.142032,42.25321],[3.13893,42.250721],[3.135971,42.247208],[3.136737,42.246608],[3.136923,42.245653],[3.135196,42.246961],[3.135406,42.246626],[3.135029,42.246484],[3.136072,42.246122],[3.135655,42.24582],[3.13643,42.245203],[3.134996,42.245901],[3.132313,42.243722],[3.126906,42.237946],[3.125602,42.235126],[3.122975,42.23227],[3.120001,42.22746],[3.117562,42.222541],[3.114927,42.214095],[3.113144,42.210941],[3.113271,42.205875],[3.111072,42.202924],[3.111726,42.202178],[3.111523,42.197454],[3.112074,42.193392],[3.111546,42.185679],[3.112062,42.182753],[3.111757,42.179853],[3.112244,42.178261],[3.11243,42.172544],[3.113642,42.162812],[3.115352,42.15272],[3.118564,42.141026],[3.119537,42.139948],[3.119199,42.139462],[3.119604,42.13827],[3.12032,42.137043],[3.121369,42.137014],[3.122441,42.135715],[3.124148,42.135983],[3.123992,42.135371],[3.122712,42.135394],[3.122133,42.134534],[3.122775,42.133419],[3.123791,42.133545],[3.124199,42.133136],[3.124114,42.132385],[3.123421,42.132845],[3.122639,42.132014],[3.122952,42.13125],[3.124044,42.131281],[3.125239,42.130632],[3.124371,42.130039],[3.124502,42.129141],[3.123937,42.128803],[3.125428,42.12721],[3.126806,42.126831],[3.127604,42.12758],[3.128692,42.127585],[3.12933,42.126929],[3.130042,42.127539],[3.133243,42.126503],[3.13418,42.126687],[3.134115,42.127888],[3.135326,42.126535],[3.135791,42.126466],[3.136223,42.12718],[3.137104,42.126539],[3.136859,42.124509],[3.138992,42.121568],[3.138799,42.118833],[3.137301,42.116969],[3.138009,42.115671],[3.141036,42.114473],[3.142973,42.114621],[3.143454,42.115594],[3.145926,42.115651],[3.146317,42.116818],[3.148851,42.116762],[3.14968,42.117456],[3.148793,42.118782],[3.149876,42.119849],[3.150949,42.119944],[3.15321,42.11957],[3.15549,42.117773],[3.157192,42.118123],[3.158363,42.116115],[3.159063,42.115727],[3.163596,42.115464],[3.165306,42.113167],[3.167325,42.113409],[3.167613,42.114131],[3.169865,42.115036],[3.17199,42.114516],[3.172777,42.112413],[3.173544,42.111849],[3.177161,42.111627],[3.176917,42.109993],[3.175525,42.109105],[3.174734,42.107563],[3.169799,42.10828],[3.169164,42.107099],[3.170228,42.105115],[3.171444,42.104437],[3.17218,42.103183],[3.172628,42.103446],[3.175074,42.102495],[3.175261,42.103169],[3.176265,42.102935],[3.176453,42.103501],[3.177583,42.103926],[3.180065,42.10273],[3.179707,42.103523],[3.180885,42.103828],[3.181312,42.105227],[3.182214,42.105305],[3.182473,42.103994],[3.183343,42.104118],[3.184119,42.103518],[3.184126,42.101988],[3.185308,42.101834],[3.184647,42.10088],[3.185046,42.099274],[3.185905,42.099407],[3.186331,42.098691],[3.187016,42.098897],[3.188286,42.098171],[3.189037,42.09633],[3.188591,42.096337],[3.188444,42.095579],[3.190029,42.095224],[3.190827,42.094235],[3.190984,42.093741],[3.190434,42.09368],[3.191123,42.092311],[3.191632,42.092211],[3.19202,42.090615],[3.192738,42.091161],[3.193421,42.090854],[3.192856,42.089517],[3.194301,42.088349],[3.195881,42.086095],[3.194953,42.084759],[3.196485,42.084487],[3.19565,42.083488],[3.198884,42.08369],[3.19854,42.082638],[3.199314,42.082524],[3.199149,42.081948],[3.199797,42.081535],[3.201281,42.082741],[3.202402,42.081969],[3.20278,42.08077],[3.201859,42.081486],[3.201456,42.080707],[3.198818,42.080049],[3.198414,42.079368],[3.198623,42.078052],[3.199743,42.077514],[3.200949,42.075883],[3.204563,42.074543],[3.203266,42.073633],[3.203873,42.073915],[3.204593,42.073246],[3.204463,42.072776],[3.207031,42.072357],[3.207508,42.0718],[3.206883,42.070718],[3.207591,42.071165],[3.208238,42.07086],[3.208593,42.069554],[3.212388,42.0687],[3.212372,42.06681],[3.211212,42.067422],[3.20913,42.065537],[3.209927,42.06553],[3.209553,42.065037],[3.209854,42.063923],[3.21118,42.063518],[3.210082,42.06292],[3.21012,42.061703],[3.211802,42.060991],[3.214044,42.06131],[3.212427,42.059354],[3.213584,42.059697],[3.214002,42.059404],[3.213575,42.05886],[3.212332,42.05863],[3.212801,42.057624],[3.212207,42.057224],[3.21229,42.056229],[3.211317,42.055292],[3.21136,42.054498],[3.212849,42.053913],[3.211539,42.053984],[3.209096,42.053082],[3.207636,42.053719],[3.205628,42.052946],[3.207091,42.053821],[3.206086,42.054298],[3.203324,42.054088],[3.200335,42.052045],[3.198355,42.048345],[3.196135,42.036854],[3.195217,42.028424],[3.1954,42.022131],[3.196271,42.018187],[3.196878,42.017605],[3.195927,42.016144],[3.195829,42.013035],[3.19706,42.010061],[3.197174,42.007516],[3.198236,42.004416],[3.19708,42.004074],[3.198927,42.002093],[3.198952,41.999508],[3.200181,41.995148],[3.200853,41.994499],[3.205212,41.985],[3.208971,41.979251],[3.210358,41.978762],[3.210362,41.977682],[3.211904,41.976671],[3.211741,41.975995],[3.211007,41.975639],[3.211032,41.973667],[3.210456,41.973329],[3.210788,41.972897],[3.212655,41.972498],[3.213438,41.97323],[3.213291,41.973949],[3.213962,41.974281],[3.214602,41.973661],[3.216613,41.973633],[3.22225,41.97429],[3.222881,41.974075],[3.222823,41.973358],[3.223945,41.972496],[3.225178,41.972654],[3.225697,41.971176],[3.22742,41.970047],[3.229366,41.96959],[3.230548,41.97021],[3.230883,41.969319],[3.231694,41.969473],[3.231907,41.968444],[3.230767,41.968011],[3.232014,41.966827],[3.232287,41.965669],[3.230813,41.965767],[3.230877,41.965313],[3.230294,41.965273],[3.229731,41.964197],[3.227396,41.964126],[3.229732,41.962855],[3.229768,41.962232],[3.231004,41.962417],[3.231422,41.961881],[3.230947,41.960845],[3.230099,41.960567],[3.230301,41.96016],[3.232571,41.959451],[3.233259,41.961556],[3.234671,41.962298],[3.234067,41.961917],[3.233971,41.961184],[3.234457,41.960483],[3.233969,41.959321],[3.234229,41.958398],[3.23377,41.958027],[3.233005,41.958591],[3.232052,41.957472],[3.232105,41.956785],[3.230904,41.956221],[3.229997,41.954587],[3.231769,41.953599],[3.231877,41.951622],[3.23391,41.950332],[3.23083,41.94843],[3.228738,41.948373],[3.227847,41.947521],[3.228335,41.94708],[3.227449,41.947021],[3.22634,41.945299],[3.218419,41.942462],[3.217882,41.941285],[3.218859,41.940917],[3.218989,41.940397],[3.217619,41.939202],[3.2181,41.938942],[3.21772,41.938261],[3.217029,41.937731],[3.215721,41.937793],[3.216243,41.93709],[3.215369,41.93702],[3.214776,41.93626],[3.216325,41.935825],[3.216643,41.935376],[3.216323,41.934322],[3.216735,41.934092],[3.218726,41.935595],[3.21949,41.935518],[3.219569,41.934847],[3.220633,41.93488],[3.219982,41.933889],[3.218851,41.933293],[3.2194,41.932993],[3.218871,41.932266],[3.220145,41.932476],[3.219762,41.931632],[3.218202,41.930718],[3.216781,41.930615],[3.215901,41.929124],[3.218105,41.928734],[3.218583,41.928204],[3.218289,41.927536],[3.219595,41.926592],[3.218805,41.926022],[3.21903,41.925488],[3.21681,41.924475],[3.217345,41.924283],[3.216852,41.92404],[3.218563,41.923416],[3.217677,41.922492],[3.220464,41.922521],[3.220612,41.922188],[3.219265,41.921101],[3.217268,41.922001],[3.216581,41.921634],[3.217233,41.921526],[3.21686,41.921276],[3.215859,41.921403],[3.217076,41.919545],[3.216883,41.918179],[3.21548,41.918129],[3.21504,41.917568],[3.21251,41.917327],[3.211431,41.916765],[3.208956,41.917835],[3.207642,41.917213],[3.209699,41.914824],[3.208238,41.913058],[3.209554,41.912222],[3.209914,41.911086],[3.211899,41.910438],[3.21158,41.909762],[3.212223,41.909187],[3.209206,41.909009],[3.207054,41.908073],[3.207262,41.907611],[3.209035,41.907011],[3.209414,41.905577],[3.210441,41.904864],[3.210513,41.904122],[3.209455,41.90327],[3.209774,41.901975],[3.208463,41.900507],[3.207038,41.899981],[3.20642,41.90069],[3.205741,41.900393],[3.206143,41.899201],[3.205361,41.897723],[3.204672,41.897454],[3.204894,41.896263],[3.204408,41.8961],[3.203221,41.891573],[3.201323,41.891127],[3.199256,41.89205],[3.199248,41.891591],[3.197934,41.892823],[3.197031,41.892341],[3.19757,41.892798],[3.197105,41.893597],[3.195689,41.893899],[3.19356,41.893195],[3.19303,41.892198],[3.194008,41.890354],[3.191962,41.889879],[3.191536,41.888345],[3.190809,41.887934],[3.189711,41.887787],[3.189506,41.888527],[3.188498,41.888699],[3.187278,41.888288],[3.187064,41.887696],[3.186197,41.888319],[3.184946,41.887964],[3.184496,41.888294],[3.183857,41.888041],[3.183834,41.88743],[3.182945,41.887334],[3.182173,41.885953],[3.182817,41.885387],[3.18233,41.885585],[3.182025,41.885295],[3.182381,41.884736],[3.181992,41.884703],[3.18289,41.883772],[3.182366,41.883089],[3.182516,41.882406],[3.183494,41.88193],[3.182466,41.88114],[3.18047,41.880798],[3.180027,41.879705],[3.179185,41.879724],[3.17948,41.879528],[3.1785,41.87887],[3.179247,41.878622],[3.179876,41.877157],[3.181978,41.876467],[3.18185,41.875898],[3.181506,41.875575],[3.180502,41.875908],[3.179486,41.875117],[3.179022,41.875052],[3.179818,41.873695],[3.178623,41.873408],[3.17872,41.872926],[3.177797,41.87222],[3.178512,41.871515],[3.177336,41.870192],[3.177605,41.86899],[3.17854,41.868444],[3.177977,41.867484],[3.177403,41.867776],[3.176548,41.8674],[3.176378,41.866761],[3.177015,41.866375],[3.175638,41.866459],[3.174966,41.865982],[3.175114,41.865515],[3.17468,41.865889],[3.173567,41.865706],[3.172631,41.863749],[3.171173,41.863612],[3.170997,41.863163],[3.170454,41.863903],[3.170024,41.862819],[3.168371,41.863907],[3.16847,41.863434],[3.167281,41.863219],[3.16596,41.863749],[3.165505,41.863153],[3.166058,41.86252],[3.165806,41.861903],[3.165303,41.861804],[3.165258,41.862221],[3.164135,41.861561],[3.16449,41.861992],[3.162749,41.861546],[3.160955,41.860175],[3.160003,41.861037],[3.159268,41.860788],[3.159829,41.859984],[3.159164,41.859462],[3.158159,41.860398],[3.158562,41.861835],[3.157562,41.862329],[3.155449,41.862389],[3.15405,41.861366],[3.151888,41.86205],[3.150748,41.861337],[3.151263,41.859932],[3.151036,41.858198],[3.149261,41.858401],[3.147602,41.857798],[3.145964,41.858552],[3.145267,41.85831],[3.144966,41.857561],[3.144363,41.857927],[3.14306,41.85652],[3.143635,41.854608],[3.145304,41.854185],[3.145882,41.85356],[3.146139,41.850846],[3.145366,41.849699],[3.14305,41.849023],[3.141228,41.849355],[3.139661,41.84871],[3.138294,41.848765],[3.137935,41.847785],[3.13631,41.847917],[3.135166,41.847033],[3.132979,41.846566],[3.132819,41.845908],[3.133538,41.845492],[3.132846,41.844809],[3.133691,41.8447],[3.13318,41.844143],[3.133723,41.843663],[3.133328,41.84255],[3.129629,41.841011],[3.128833,41.841243],[3.128464,41.84192],[3.128834,41.84226],[3.121369,41.841112],[3.12128,41.84144],[3.128578,41.842859],[3.128427,41.844289],[3.125661,41.844572],[3.125594,41.844999],[3.128082,41.845343],[3.127972,41.8457],[3.126283,41.846915],[3.123727,41.84788],[3.122554,41.848078],[3.121956,41.847237],[3.121204,41.847808],[3.115261,41.84836],[3.114721,41.849001],[3.11468,41.848319],[3.109755,41.847556],[3.10446,41.845679],[3.098461,41.841858],[3.097246,41.842373],[3.097558,41.84097],[3.095174,41.839198],[3.093848,41.837531],[3.094301,41.83685],[3.09397,41.836534],[3.094186,41.834885],[3.092957,41.833357],[3.093718,41.832632],[3.09343,41.831874],[3.092863,41.832372],[3.092306,41.832203],[3.092119,41.832771],[3.091584,41.832341],[3.090853,41.832623],[3.090739,41.832179],[3.090162,41.83257],[3.088464,41.831805],[3.084751,41.827052],[3.084511,41.826551],[3.085391,41.825937],[3.083671,41.826452],[3.081841,41.825685],[3.081309,41.824516],[3.080929,41.825335],[3.080349,41.82505],[3.080196,41.82413],[3.079374,41.824314],[3.078137,41.823287],[3.07727,41.823548],[3.075427,41.822768],[3.070947,41.818273],[3.067793,41.812119],[3.064692,41.80288],[3.064871,41.80216],[3.06606,41.8015],[3.06635,41.801136],[3.066447,41.800792],[3.065191,41.801878],[3.064789,41.801589],[3.064818,41.801941],[3.064314,41.801936],[3.064342,41.80151],[3.063994,41.801907],[3.064073,41.801404],[3.063603,41.801264],[3.062802,41.801722],[3.062017,41.803069],[3.062674,41.804471],[3.061607,41.803866],[3.061164,41.80402],[3.061489,41.804595],[3.061181,41.804743],[3.060703,41.804105],[3.059197,41.803982],[3.056457,41.805108],[3.055296,41.805044],[3.05577,41.804365],[3.056172,41.804716],[3.058525,41.803509],[3.060854,41.80364],[3.062853,41.80067],[3.065291,41.801171],[3.064737,41.800347],[3.065067,41.799984],[3.064067,41.799594],[3.063932,41.799091],[3.062296,41.799141],[3.061755,41.798625],[3.062321,41.798358],[3.060996,41.797981],[3.060844,41.79663],[3.061808,41.796669],[3.061079,41.796023],[3.061531,41.795135],[3.059745,41.793973],[3.060472,41.793704],[3.059605,41.793328],[3.060058,41.79318],[3.059107,41.791679],[3.057843,41.791363],[3.059056,41.791216],[3.059278,41.790413],[3.057911,41.790567],[3.055635,41.788769],[3.056545,41.788462],[3.056288,41.787561],[3.054662,41.787426],[3.054062,41.789145],[3.053793,41.788824],[3.053624,41.789118],[3.054225,41.790187],[3.052876,41.790829],[3.050303,41.790578],[3.046015,41.788599],[3.045812,41.787602],[3.046393,41.787382],[3.045245,41.786434],[3.046751,41.786076],[3.045826,41.785837],[3.047038,41.785934],[3.046986,41.785127],[3.047552,41.784755],[3.047215,41.784494],[3.047869,41.784162],[3.046679,41.784297],[3.046785,41.784013],[3.049006,41.782824],[3.04775,41.782512],[3.048444,41.782098],[3.046722,41.782072],[3.045441,41.7815],[3.044473,41.781812],[3.045015,41.780929],[3.043999,41.779848],[3.044638,41.779616],[3.044629,41.778879],[3.042751,41.778348],[3.043143,41.778804],[3.042844,41.778955],[3.04009,41.778569],[3.03937,41.778067],[3.038713,41.778507],[3.037974,41.777934],[3.03342,41.776698],[3.033308,41.777037],[3.037841,41.778058],[3.038323,41.778447],[3.037733,41.779207],[3.037838,41.780065],[3.036271,41.780283],[3.036009,41.779541],[3.035005,41.780242],[3.030657,41.780048],[3.029435,41.779203],[3.029435,41.77869],[3.030797,41.778591],[3.029354,41.778343],[3.029932,41.777071],[3.030527,41.777129],[3.030001,41.776905],[3.030337,41.776005],[3.029841,41.775977],[3.030825,41.774926],[3.030749,41.773742],[3.031997,41.773838],[3.031228,41.77333],[3.03132,41.772902],[3.033145,41.772491],[3.032639,41.77159],[3.031488,41.771363],[3.030321,41.771748],[3.030492,41.770875],[3.028758,41.771101],[3.028105,41.771577],[3.028049,41.773029],[3.025855,41.774],[3.025094,41.773194],[3.022669,41.773996],[3.017536,41.772862],[3.015408,41.773001],[3.013279,41.772096],[3.011578,41.772158],[3.007729,41.770866],[3.004561,41.76798],[3.003802,41.767966],[3.003977,41.767138],[3.002195,41.766853],[3.001686,41.766169],[3.003168,41.765173],[3.002271,41.764842],[3.000609,41.765838],[2.998236,41.765017],[2.99768,41.764597],[2.99871,41.763651],[2.997776,41.763439],[2.998204,41.763003],[2.995527,41.763044],[2.993967,41.761532],[2.987809,41.76073],[2.98697,41.760116],[2.98463,41.76068],[2.983397,41.760096],[2.983851,41.759541],[2.983425,41.759104],[2.982563,41.759528],[2.981111,41.759423],[2.98092,41.758542],[2.981646,41.757559],[2.980589,41.758082],[2.977057,41.75734],[2.976324,41.756694],[2.9767,41.75608],[2.975955,41.755309],[2.976253,41.755158],[2.975177,41.754836],[2.975951,41.754238],[2.97541,41.754239],[2.975691,41.753765],[2.972767,41.753612],[2.971439,41.752907],[2.971345,41.751769],[2.970192,41.751649],[2.970061,41.750495],[2.969084,41.750203],[2.968343,41.749216],[2.968482,41.748254],[2.967155,41.748072],[2.966901,41.747536],[2.967384,41.74743],[2.967402,41.746844],[2.966926,41.746904],[2.966189,41.745953],[2.965371,41.74595],[2.965818,41.745198],[2.963377,41.744533],[2.961849,41.742065],[2.960428,41.74177],[2.959198,41.740304],[2.958355,41.740285],[2.95785,41.738213],[2.960273,41.737907],[2.960478,41.737519],[2.958095,41.73658],[2.958723,41.735702],[2.956642,41.735684],[2.956555,41.736688],[2.955417,41.737251],[2.953905,41.736753],[2.954828,41.735562],[2.954359,41.735172],[2.954951,41.735079],[2.955032,41.733355],[2.954976,41.732233],[2.954295,41.732142],[2.954057,41.731002],[2.953427,41.731467],[2.95288,41.731271],[2.951857,41.732935],[2.951179,41.732754],[2.951417,41.731176],[2.94837,41.730848],[2.947205,41.730071],[2.948743,41.730072],[2.948148,41.729221],[2.94847,41.728421],[2.947729,41.728199],[2.94806,41.727624],[2.945718,41.727124],[2.945441,41.725815],[2.944425,41.725355],[2.941475,41.725157],[2.942064,41.724766],[2.941195,41.723686],[2.939923,41.723833],[2.940414,41.72252],[2.940154,41.721526],[2.938124,41.721793],[2.93524,41.720358],[2.934201,41.719125],[2.933955,41.718022],[2.934285,41.717428],[2.9353,41.717241],[2.934915,41.716451],[2.935401,41.71521],[2.934423,41.714766],[2.933283,41.714654],[2.932691,41.715783],[2.931217,41.714527],[2.929723,41.715],[2.929376,41.714226],[2.92848,41.714543],[2.928476,41.713985],[2.927553,41.714005],[2.927279,41.713245],[2.926525,41.713672],[2.926219,41.712823],[2.924379,41.711892],[2.922639,41.712306],[2.92206,41.71293],[2.921281,41.712431],[2.919858,41.712891],[2.919625,41.712318],[2.918253,41.711777],[2.917654,41.71062],[2.915972,41.710221],[2.915598,41.709682],[2.916313,41.709357],[2.915204,41.709189],[2.913127,41.707892],[2.912824,41.708385],[2.912528,41.707788],[2.911204,41.709198],[2.910067,41.708455],[2.909162,41.708547],[2.909344,41.708952],[2.908729,41.709055],[2.90834,41.710183],[2.907563,41.709701],[2.907279,41.710138],[2.906556,41.709861],[2.905822,41.710493],[2.904449,41.71059],[2.902176,41.709645],[2.899732,41.707629],[2.899523,41.706659],[2.900692,41.705779],[2.8996,41.705277],[2.899753,41.704972],[2.897451,41.705289],[2.896834,41.704187],[2.895583,41.703648],[2.895101,41.703763],[2.895383,41.70409],[2.894489,41.704163],[2.892836,41.703429],[2.892771,41.703892],[2.892124,41.704051],[2.892031,41.703426],[2.889731,41.703103],[2.890264,41.702364],[2.887821,41.701662],[2.888169,41.701257],[2.887528,41.701209],[2.886206,41.702249],[2.886358,41.702736],[2.88558,41.70355],[2.882773,41.704253],[2.881957,41.703602],[2.880873,41.703828],[2.879594,41.701274],[2.878467,41.701035],[2.878009,41.70141],[2.878059,41.700777],[2.877376,41.701316],[2.87558,41.700859],[2.873683,41.70165],[2.87233,41.700126],[2.870795,41.700151],[2.870227,41.699982],[2.869885,41.699522],[2.870462,41.699394],[2.869994,41.699139],[2.868114,41.699334],[2.865687,41.69827],[2.86483,41.699277],[2.862655,41.69874],[2.860882,41.699326],[2.860182,41.698498],[2.859237,41.699464],[2.858224,41.699417],[2.858058,41.699831],[2.855819,41.700179],[2.853642,41.699751],[2.846026,41.696836],[2.84519,41.695438],[2.845631,41.695002],[2.845198,41.694601],[2.844412,41.695199],[2.843755,41.695107],[2.842315,41.693272],[2.841889,41.693608],[2.840877,41.692913],[2.840157,41.693184],[2.838452,41.692658],[2.837828,41.693725],[2.836645,41.694452],[2.83463,41.694474],[2.830998,41.692705],[2.830273,41.69213],[2.829791,41.690651],[2.828866,41.691175],[2.826939,41.690319],[2.82751,41.689993],[2.827045,41.689774],[2.826969,41.69012],[2.824695,41.690478],[2.822227,41.689344],[2.821947,41.688647],[2.819791,41.688837],[2.818111,41.687527],[2.818262,41.686809],[2.817308,41.686614],[2.816522,41.685763],[2.816283,41.682588],[2.815318,41.682133],[2.814462,41.682501],[2.814201,41.681866],[2.813302,41.681758],[2.812539,41.680879],[2.811666,41.680923],[2.811878,41.680345],[2.811346,41.679769],[2.810432,41.679888],[2.808489,41.678582],[2.807879,41.678748],[2.808481,41.676773],[2.805179,41.675572],[2.803358,41.67561],[2.803847,41.674118],[2.802682,41.672782],[2.802009,41.673842],[2.800934,41.673771],[2.797776,41.672031],[2.800867,41.673954],[2.800082,41.674975],[2.798852,41.675317],[2.797913,41.675013],[2.797522,41.675339],[2.797552,41.675004],[2.797082,41.675127],[2.7973,41.674873],[2.796569,41.674892],[2.796735,41.674605],[2.796306,41.67477],[2.79657,41.674505],[2.796065,41.67463],[2.796648,41.674033],[2.797986,41.674496],[2.796478,41.673618],[2.795639,41.674426],[2.793343,41.673597],[2.791318,41.671107],[2.792195,41.670847],[2.791656,41.669929],[2.791289,41.670658],[2.789602,41.669915],[2.78655,41.665884],[2.783277,41.659649],[2.778727,41.648806],[2.777441,41.651379],[2.771313,41.66037],[2.765623,41.666129],[2.761785,41.669258],[2.761287,41.671344],[2.760473,41.672469],[2.759106,41.676634],[2.758709,41.676496],[2.757847,41.67923],[2.77023,41.687389],[2.774649,41.700224],[2.766032,41.724019],[2.766193,41.725676],[2.76871,41.72681],[2.769891,41.726578],[2.770881,41.72823],[2.777111,41.730563],[2.777702,41.732199],[2.777216,41.735473],[2.745106,41.734965],[2.725159,41.744299],[2.707721,41.740957],[2.703337,41.744785],[2.70094,41.742834],[2.695042,41.741787],[2.694516,41.741282],[2.693561,41.741761],[2.690125,41.7415],[2.68933,41.746374],[2.682103,41.748245],[2.682365,41.746449],[2.681362,41.745437],[2.68109,41.744397],[2.685898,41.745617],[2.686934,41.741298],[2.686433,41.740666],[2.680904,41.739581],[2.677156,41.74137],[2.674365,41.743659],[2.670239,41.744845],[2.669816,41.745361],[2.668855,41.745373],[2.664088,41.747472],[2.659031,41.747245],[2.657952,41.747677],[2.657066,41.747171],[2.656974,41.745996],[2.656451,41.746058],[2.656907,41.743731],[2.656651,41.742736],[2.647459,41.744],[2.643276,41.744143],[2.640528,41.743369],[2.63937,41.742373],[2.638818,41.740735],[2.638988,41.73528],[2.638271,41.733956],[2.637247,41.73325],[2.63436,41.732798],[2.629537,41.730974],[2.622955,41.731153],[2.619954,41.731742],[2.614893,41.730487],[2.612431,41.730778],[2.610701,41.730377],[2.605508,41.727607],[2.602575,41.727183],[2.595458,41.7288],[2.592687,41.728036],[2.590298,41.728611],[2.584191,41.725551],[2.582093,41.725051],[2.579344,41.725221],[2.577693,41.724338],[2.576595,41.724283],[2.569362,41.726652],[2.569036,41.725803],[2.564601,41.724966],[2.561689,41.723118],[2.558281,41.722617],[2.558682,41.722132],[2.550263,41.719295],[2.549061,41.719505],[2.547605,41.718995],[2.545123,41.720604],[2.542818,41.721309],[2.53919,41.721284],[2.537347,41.72176],[2.536482,41.722684],[2.536549,41.723197],[2.534901,41.724278],[2.53391,41.72871],[2.53234,41.729752],[2.532488,41.730037],[2.530611,41.730523],[2.531909,41.733342],[2.532981,41.734454],[2.53319,41.735681],[2.532241,41.735733],[2.531181,41.737748],[2.531232,41.738957],[2.526058,41.741512],[2.523136,41.742328],[2.521165,41.743995],[2.520425,41.745591],[2.515631,41.748696],[2.51689,41.750312],[2.515387,41.753433],[2.518624,41.755808],[2.515922,41.760618],[2.515965,41.762062],[2.505746,41.762568],[2.498613,41.765062],[2.497216,41.765183],[2.494921,41.764213],[2.490208,41.765483],[2.485677,41.768329],[2.485545,41.769173],[2.483064,41.770399],[2.482295,41.771525],[2.469503,41.777772],[2.470383,41.778927],[2.472531,41.789582],[2.460931,41.785428]],[[3.177683,41.87652],[3.176011,41.877915],[3.179171,41.875089],[3.177683,41.87652]],[[2.76732,41.990422],[2.767306,41.989578],[2.767323,41.990606],[2.76732,41.990422]],[[2.809621,41.976572],[2.80953,41.976564],[2.809359,41.976548],[2.809621,41.976572]],[[2.817818,41.941004],[2.817838,41.940991],[2.818045,41.940853],[2.817818,41.941004]],[[2.803816,41.914099],[2.802993,41.912973],[2.804053,41.914423],[2.803816,41.914099]],[[2.818268,42.023257],[2.81811,42.023293],[2.818756,42.023146],[2.818268,42.023257]],[[3.066933,41.817826],[3.066933,41.817826],[3.065695,41.816028],[3.066933,41.817826]],[[3.052901,41.800253],[3.051828,41.80071],[3.051794,41.800725],[3.052901,41.800253]]],[[[2.030462,42.127362],[2.031776,42.126999],[2.030145,42.121227],[2.020086,42.121102],[2.02134,42.119985],[2.021736,42.118878],[2.020592,42.115273],[2.017391,42.10966],[2.015259,42.108376],[2.013073,42.108715],[2.010361,42.107447],[2.009157,42.107662],[2.007902,42.10724],[2.007174,42.109036],[2.006984,42.115824],[2.004593,42.11664],[2.00337,42.117837],[2.004281,42.118814],[2.003045,42.120003],[2.001624,42.120236],[2.002028,42.120911],[2.006371,42.121235],[2.006169,42.123125],[2.00289,42.125555],[2.011214,42.126821],[2.018205,42.126217],[2.018669,42.12734],[2.021176,42.12723],[2.022292,42.127892],[2.022267,42.128794],[2.02055,42.130787],[2.020759,42.131282],[2.026326,42.130866],[2.027134,42.129318],[2.030001,42.129021],[2.030462,42.127362]]],[[[1.990645,42.483555],[1.989788,42.480423],[1.988009,42.476719],[1.986137,42.475054],[1.986708,42.471068],[1.987495,42.469801],[1.989432,42.468627],[1.991956,42.465509],[1.992183,42.462555],[1.999128,42.460604],[2.006481,42.457519],[2.010866,42.457002],[2.012498,42.454464],[2.01502,42.453309],[2.013855,42.44984],[2.010291,42.449663],[2.002894,42.447457],[1.984176,42.446879],[1.970808,42.451072],[1.969586,42.452061],[1.960517,42.453446],[1.957106,42.457672],[1.95709,42.458546],[1.958483,42.462321],[1.958921,42.465552],[1.961862,42.472285],[1.9622,42.47778],[1.964296,42.47921],[1.970643,42.481185],[1.97128,42.484615],[1.976859,42.485938],[1.976964,42.488482],[1.976415,42.490459],[1.977301,42.491654],[1.97732,42.49403],[1.978623,42.494505],[1.980553,42.494456],[1.981785,42.493737],[1.987284,42.493272],[1.990766,42.490869],[1.997285,42.488414],[1.997373,42.486925],[1.996645,42.485426],[1.99399,42.484768],[1.991656,42.484789],[1.990645,42.483555]]],[[[2.792351,41.669911],[2.792312,41.670417],[2.792738,41.670612],[2.792683,41.670399],[2.792351,41.669911]]],[[[2.803618,41.672906],[2.803292,41.673156],[2.803794,41.673257],[2.803618,41.672906]]],[[[2.804152,41.673104],[2.804464,41.673106],[2.804075,41.672909],[2.804152,41.673104]]],[[[2.838719,41.692555],[2.83901,41.69245],[2.83869,41.692367],[2.838719,41.692555]]],[[[2.886608,41.701265],[2.88688,41.701476],[2.887119,41.701464],[2.886608,41.701265]]],[[[2.896562,41.70385],[2.896399,41.703507],[2.895964,41.703475],[2.896012,41.703608],[2.896562,41.70385]]],[[[2.912141,41.707628],[2.912641,41.70771],[2.912712,41.707436],[2.912294,41.707197],[2.912141,41.707628]]],[[[2.940845,41.719906],[2.940531,41.719625],[2.939914,41.720098],[2.940348,41.720634],[2.940845,41.719906]]],[[[2.94659,41.725504],[2.946188,41.725839],[2.946576,41.725873],[2.94659,41.725504]]],[[[2.945752,41.72606],[2.946208,41.72618],[2.945927,41.725745],[2.945752,41.72606]]],[[[3.028638,41.770469],[3.028266,41.770731],[3.028684,41.7707],[3.028638,41.770469]]],[[[3.024134,41.772956],[3.023959,41.772632],[3.02368,41.772728],[3.023794,41.77292],[3.024134,41.772956]]],[[[3.025149,41.772624],[3.025003,41.772991],[3.025425,41.77287],[3.025149,41.772624]]],[[[3.040678,41.778169],[3.041439,41.778336],[3.041496,41.778171],[3.041149,41.778063],[3.040678,41.778169]]],[[[3.045856,41.779777],[3.046606,41.779692],[3.045598,41.779593],[3.045856,41.779777]]],[[[3.045003,41.779786],[3.045965,41.780167],[3.046207,41.780055],[3.045003,41.779786]]],[[[3.094289,41.834321],[3.094418,41.834674],[3.09487,41.834614],[3.094289,41.834321]]],[[[3.094644,41.8354],[3.094871,41.835631],[3.095039,41.835505],[3.094644,41.8354]]],[[[3.130108,41.840986],[3.129998,41.840587],[3.129892,41.840988],[3.130108,41.840986]]],[[[3.133195,41.846059],[3.132978,41.846179],[3.133239,41.846138],[3.133195,41.846059]]],[[[3.137795,41.847333],[3.137775,41.847497],[3.138048,41.847329],[3.137795,41.847333]]],[[[3.138215,41.847563],[3.138563,41.847805],[3.138628,41.847604],[3.138215,41.847563]]],[[[3.141256,41.848273],[3.141495,41.848125],[3.14114,41.848189],[3.141256,41.848273]]],[[[3.14208,41.84858],[3.142009,41.848719],[3.142357,41.848574],[3.14208,41.84858]]],[[[3.153765,41.861031],[3.153618,41.860759],[3.153366,41.861016],[3.153765,41.861031]]],[[[3.179088,41.867388],[3.179481,41.867214],[3.178929,41.866992],[3.179088,41.867388]]],[[[3.179318,41.868024],[3.179257,41.86764],[3.178785,41.867495],[3.178855,41.867968],[3.179318,41.868024]]],[[[3.178795,41.871203],[3.179222,41.871261],[3.178782,41.871068],[3.178795,41.871203]]],[[[3.206662,41.89983],[3.206681,41.899649],[3.206396,41.899818],[3.206662,41.89983]]],[[[3.209751,41.902849],[3.209874,41.903122],[3.210257,41.903101],[3.209751,41.902849]]],[[[3.208217,41.908261],[3.209069,41.908224],[3.208151,41.908202],[3.208217,41.908261]]],[[[3.218016,41.923986],[3.218428,41.924261],[3.218685,41.924175],[3.218016,41.923986]]],[[[3.218527,41.924777],[3.217418,41.924406],[3.217215,41.924426],[3.218527,41.924777]]],[[[3.219094,41.925278],[3.219869,41.92519],[3.219046,41.925163],[3.219094,41.925278]]],[[[3.2187,41.937685],[3.218283,41.937357],[3.218031,41.937623],[3.2184,41.938062],[3.2187,41.937685]]],[[[3.228554,42.04115],[3.22813,42.041623],[3.228199,42.041718],[3.229089,42.041552],[3.228554,42.04115]]],[[[3.227267,42.041445],[3.22708,42.041878],[3.227981,42.042081],[3.227869,42.041556],[3.227267,42.041445]]],[[[3.225103,42.043642],[3.22731,42.043981],[3.226045,42.042897],[3.225196,42.042737],[3.224444,42.043201],[3.224437,42.043993],[3.225103,42.043642]]],[[[3.226081,42.048071],[3.227024,42.047462],[3.225409,42.047379],[3.224192,42.045555],[3.223331,42.045647],[3.22359,42.04484],[3.221432,42.045615],[3.219348,42.048132],[3.219605,42.048784],[3.220604,42.049242],[3.223405,42.048739],[3.224741,42.050169],[3.225276,42.049222],[3.226184,42.049245],[3.226081,42.048071]]],[[[3.206334,42.073259],[3.205275,42.073424],[3.205149,42.074358],[3.206475,42.073953],[3.206334,42.073259]]],[[[3.197721,42.084402],[3.197952,42.085028],[3.198442,42.084479],[3.197721,42.084402]]],[[[3.265181,42.237225],[3.264363,42.236918],[3.26392,42.237096],[3.26434,42.237415],[3.265181,42.237225]]],[[[3.203804,42.239935],[3.203759,42.240216],[3.204079,42.239902],[3.203804,42.239935]]],[[[3.198823,42.242995],[3.199028,42.242489],[3.198504,42.242707],[3.198823,42.242995]]],[[[3.28405,42.273894],[3.283779,42.273369],[3.283658,42.273853],[3.28405,42.273894]]],[[[3.293292,42.280388],[3.291982,42.281109],[3.292766,42.282524],[3.293674,42.28179],[3.293787,42.280973],[3.293334,42.280926],[3.293292,42.280388]]],[[[3.280485,42.281534],[3.279338,42.281822],[3.278937,42.282547],[3.280485,42.281534]]],[[[3.310003,42.290511],[3.310109,42.290235],[3.309627,42.290505],[3.310003,42.290511]]],[[[3.308568,42.292031],[3.309553,42.291337],[3.308943,42.291056],[3.308568,42.292031]]],[[[3.309335,42.292312],[3.31005,42.291463],[3.309128,42.292306],[3.309335,42.292312]]],[[[3.297113,42.291564],[3.296797,42.291321],[3.297211,42.290731],[3.296651,42.290825],[3.296768,42.290296],[3.296244,42.290154],[3.294008,42.291673],[3.293507,42.292609],[3.294138,42.292728],[3.294944,42.294123],[3.29606,42.294134],[3.296822,42.29339],[3.29649,42.292364],[3.297113,42.291564]]],[[[3.295798,42.29539],[3.296593,42.294978],[3.29684,42.294046],[3.295818,42.294741],[3.295798,42.29539]]],[[[3.292268,42.302885],[3.291916,42.30276],[3.291821,42.303027],[3.292268,42.302885]]],[[[3.301461,42.305205],[3.300987,42.305195],[3.301353,42.305346],[3.301461,42.305205]]],[[[3.306313,42.310545],[3.306953,42.310401],[3.306399,42.310315],[3.306313,42.310545]]],[[[3.309424,42.311822],[3.30933,42.312214],[3.309587,42.311993],[3.309424,42.311822]]],[[[3.332137,42.318909],[3.331696,42.31996],[3.331916,42.320209],[3.332687,42.319797],[3.332137,42.318909]]],[[[3.322851,42.32234],[3.322223,42.322006],[3.323478,42.321819],[3.324042,42.321158],[3.321757,42.321473],[3.321357,42.321838],[3.32168,42.322153],[3.318816,42.323706],[3.318651,42.324481],[3.319512,42.324712],[3.320352,42.323297],[3.321008,42.323675],[3.322404,42.323445],[3.322851,42.32234]]],[[[3.306819,42.327808],[3.30529,42.327073],[3.304304,42.327164],[3.305379,42.328203],[3.306819,42.327808]]],[[[3.285567,42.332184],[3.285339,42.332449],[3.28568,42.33234],[3.285567,42.332184]]],[[[3.286386,42.333336],[3.287498,42.33269],[3.287185,42.332104],[3.286025,42.332762],[3.286386,42.333336]]],[[[3.242727,42.340205],[3.243923,42.339545],[3.244005,42.339388],[3.24233,42.339623],[3.242727,42.340205]]],[[[3.184021,42.353462],[3.182921,42.353135],[3.182735,42.353595],[3.184021,42.353462]]],[[[3.165857,42.362158],[3.165486,42.361962],[3.165214,42.362535],[3.165576,42.362759],[3.165857,42.362158]]],[[[3.16799,42.367435],[3.167576,42.367547],[3.167623,42.367662],[3.16799,42.367435]]],[[[3.16811,42.367915],[3.167707,42.368144],[3.167974,42.368264],[3.16811,42.367915]]],[[[3.16459,42.374352],[3.165251,42.374532],[3.165339,42.374311],[3.16459,42.374352]]],[[[3.165371,42.410613],[3.165428,42.411186],[3.165991,42.411111],[3.165371,42.410613]]]]}},{"type":"Feature","properties":{"CPRO":"25","province_name":"Lleida"},"geometry":{"type":"MultiPolygon","coordinates":[[[[0.442092,41.325608],[0.434795,41.320207],[0.434598,41.318051],[0.432581,41.311727],[0.43632,41.297414],[0.433591,41.287517],[0.433502,41.276038],[0.430506,41.274678],[0.424341,41.274123],[0.386016,41.278842],[0.37678,41.287948],[0.369899,41.296444],[0.369935,41.298082],[0.366961,41.301321],[0.366716,41.30258],[0.365648,41.303972],[0.367537,41.305303],[0.368933,41.307126],[0.370494,41.311457],[0.370565,41.314471],[0.368665,41.318625],[0.365806,41.320861],[0.364332,41.321462],[0.355637,41.323356],[0.351527,41.325223],[0.349845,41.326668],[0.348787,41.328869],[0.349755,41.331191],[0.355716,41.336997],[0.359545,41.341973],[0.361962,41.341803],[0.364438,41.342532],[0.367076,41.34178],[0.367322,41.343781],[0.370514,41.346587],[0.371777,41.346514],[0.372603,41.346994],[0.3723,41.349687],[0.373036,41.350512],[0.374082,41.3504],[0.37432,41.351536],[0.373692,41.351888],[0.37326,41.353477],[0.371617,41.354282],[0.371681,41.355063],[0.3709,41.35568],[0.370716,41.356974],[0.36598,41.362021],[0.365069,41.363812],[0.363022,41.364926],[0.362152,41.366609],[0.361984,41.368451],[0.360309,41.370508],[0.358659,41.371655],[0.354746,41.372985],[0.332609,41.386184],[0.32034,41.394861],[0.322451,41.397806],[0.342194,41.413814],[0.344313,41.417804],[0.347792,41.427303],[0.346807,41.429097],[0.346565,41.43113],[0.347832,41.435281],[0.347475,41.439749],[0.348,41.442048],[0.349366,41.44417],[0.352388,41.446594],[0.353858,41.448415],[0.355682,41.451757],[0.35528,41.453714],[0.354427,41.454811],[0.349416,41.45792],[0.346049,41.460648],[0.345018,41.462254],[0.345239,41.470956],[0.344128,41.474969],[0.341845,41.479934],[0.342377,41.483998],[0.347672,41.487743],[0.351215,41.48701],[0.367257,41.485955],[0.368578,41.48624],[0.371189,41.484633],[0.372868,41.484683],[0.384354,41.485858],[0.387449,41.48664],[0.394413,41.489721],[0.397066,41.4903],[0.408521,41.502929],[0.411046,41.507681],[0.412865,41.509464],[0.418422,41.517611],[0.420665,41.518552],[0.426672,41.522714],[0.433339,41.532078],[0.438814,41.537237],[0.443357,41.541081],[0.447278,41.542233],[0.446535,41.542913],[0.445127,41.547773],[0.440625,41.554644],[0.436593,41.558412],[0.43586,41.560199],[0.430683,41.565234],[0.43327,41.569011],[0.432438,41.572774],[0.430491,41.577902],[0.431886,41.581363],[0.436212,41.584917],[0.436205,41.585683],[0.435887,41.587601],[0.433951,41.592027],[0.433666,41.594125],[0.428849,41.602373],[0.402378,41.592715],[0.392389,41.595316],[0.349613,41.599464],[0.347927,41.608627],[0.347111,41.617197],[0.346404,41.61792],[0.34657,41.6195],[0.345816,41.621863],[0.349069,41.623713],[0.350886,41.626596],[0.353008,41.62793],[0.353795,41.629456],[0.358337,41.631718],[0.355391,41.634299],[0.351365,41.634894],[0.349414,41.636176],[0.336162,41.654086],[0.332916,41.659601],[0.326241,41.6622],[0.325673,41.671888],[0.325947,41.674653],[0.327018,41.678171],[0.328766,41.682028],[0.331024,41.684799],[0.335392,41.68913],[0.340973,41.693659],[0.342023,41.696538],[0.351642,41.702533],[0.36035,41.709149],[0.369014,41.71419],[0.369574,41.724665],[0.373128,41.723903],[0.382218,41.735847],[0.385098,41.740309],[0.388418,41.73669],[0.395792,41.731979],[0.39586,41.735534],[0.395289,41.737928],[0.399776,41.751627],[0.39976,41.75269],[0.398608,41.755138],[0.399427,41.75641],[0.399032,41.757808],[0.400969,41.756688],[0.408368,41.759233],[0.423836,41.759916],[0.430717,41.76153],[0.438632,41.76132],[0.448018,41.764668],[0.46475,41.763225],[0.468602,41.764976],[0.469659,41.765619],[0.471895,41.773611],[0.47382,41.787187],[0.477588,41.791665],[0.481765,41.797698],[0.483233,41.801463],[0.485442,41.802026],[0.489054,41.805158],[0.495535,41.804483],[0.499305,41.806961],[0.502491,41.814392],[0.510885,41.820629],[0.515818,41.82235],[0.519845,41.820912],[0.52546,41.822541],[0.531414,41.821367],[0.542496,41.82041],[0.543877,41.820885],[0.544229,41.822243],[0.545965,41.824251],[0.547329,41.825623],[0.549328,41.826516],[0.549681,41.828747],[0.551707,41.831647],[0.551832,41.833471],[0.553415,41.835088],[0.552893,41.836743],[0.553601,41.840188],[0.551616,41.840655],[0.551568,41.844132],[0.553042,41.84813],[0.552816,41.84936],[0.552461,41.849365],[0.554914,41.85279],[0.557391,41.854226],[0.559439,41.852929],[0.562217,41.852203],[0.562147,41.853547],[0.569824,41.852111],[0.580411,41.850906],[0.582213,41.857641],[0.580056,41.863453],[0.584599,41.863681],[0.585595,41.865126],[0.586862,41.8656],[0.590736,41.86529],[0.593991,41.868114],[0.599037,41.869163],[0.603406,41.86908],[0.605789,41.870328],[0.607161,41.871798],[0.607049,41.873242],[0.608223,41.878257],[0.592784,41.884415],[0.5931,41.886611],[0.595798,41.88894],[0.596241,41.893609],[0.600487,41.907604],[0.601343,41.908539],[0.595946,41.914095],[0.594661,41.917404],[0.59539,41.918362],[0.597408,41.919083],[0.603936,41.918103],[0.605833,41.918404],[0.607488,41.919315],[0.605343,41.920184],[0.602895,41.922323],[0.576984,41.929221],[0.575717,41.930729],[0.565931,41.932771],[0.562441,41.932691],[0.561881,41.938219],[0.564345,41.940232],[0.565745,41.944357],[0.5676,41.94583],[0.567681,41.946837],[0.576923,41.954644],[0.578496,41.957601],[0.58632,41.961805],[0.587287,41.966772],[0.592956,41.968891],[0.604714,41.960652],[0.605465,41.961349],[0.60391,41.965423],[0.604374,41.965957],[0.608518,41.967124],[0.609767,41.968075],[0.611348,41.971069],[0.61228,41.97474],[0.613574,41.976933],[0.617264,41.982201],[0.619531,41.983237],[0.616912,41.987202],[0.618309,41.988922],[0.62091,41.989245],[0.624131,41.991763],[0.637138,41.9938],[0.638898,41.9946],[0.642392,41.98688],[0.642287,41.982066],[0.645701,41.987126],[0.644708,41.992344],[0.646951,41.996739],[0.648687,41.997765],[0.654592,41.99926],[0.657087,42.000883],[0.658072,42.002481],[0.659702,42.007535],[0.663232,42.01223],[0.664245,42.01453],[0.663788,42.015193],[0.659701,42.014252],[0.657283,42.014833],[0.654856,42.019458],[0.654752,42.022064],[0.652295,42.023862],[0.652069,42.026247],[0.656549,42.030453],[0.656973,42.032564],[0.656385,42.036842],[0.657106,42.040367],[0.659332,42.041476],[0.663038,42.040799],[0.666379,42.041755],[0.668599,42.043178],[0.670033,42.045843],[0.671491,42.04703],[0.67122,42.047777],[0.668501,42.049449],[0.668579,42.051643],[0.667954,42.052744],[0.667917,42.054825],[0.669141,42.056776],[0.669176,42.061151],[0.672296,42.064968],[0.672599,42.067291],[0.679074,42.074755],[0.680832,42.080281],[0.682658,42.082393],[0.684186,42.086864],[0.683923,42.088574],[0.684994,42.089737],[0.685967,42.092768],[0.689099,42.095476],[0.695912,42.09912],[0.696139,42.09949],[0.695267,42.101337],[0.697156,42.102843],[0.699911,42.106959],[0.699653,42.11229],[0.702561,42.117778],[0.702795,42.119932],[0.702335,42.122405],[0.699571,42.125421],[0.697978,42.126455],[0.698318,42.126484],[0.697215,42.128576],[0.697021,42.135012],[0.695662,42.139504],[0.696729,42.142459],[0.696093,42.14836],[0.696687,42.149421],[0.696196,42.151994],[0.702007,42.156192],[0.704035,42.158377],[0.708927,42.160083],[0.714327,42.16342],[0.709636,42.166813],[0.701965,42.169556],[0.699086,42.172296],[0.699094,42.173052],[0.700974,42.175594],[0.701609,42.181075],[0.703703,42.185005],[0.703799,42.186659],[0.70298,42.190035],[0.704687,42.190871],[0.706981,42.191166],[0.707562,42.191778],[0.709773,42.19728],[0.708336,42.204325],[0.709752,42.206429],[0.714528,42.210002],[0.714743,42.210779],[0.713712,42.215504],[0.714692,42.217336],[0.717211,42.218362],[0.717884,42.219501],[0.714523,42.221889],[0.715216,42.22482],[0.720431,42.230476],[0.723016,42.234867],[0.724748,42.240619],[0.727983,42.244935],[0.728825,42.245844],[0.732932,42.247871],[0.734411,42.249732],[0.735296,42.252188],[0.736003,42.258828],[0.73759,42.260451],[0.740128,42.269121],[0.73917,42.277112],[0.739983,42.279985],[0.738607,42.281472],[0.740734,42.283859],[0.741589,42.283759],[0.744252,42.285725],[0.743372,42.289698],[0.745193,42.301173],[0.756982,42.309305],[0.755468,42.313434],[0.760198,42.317069],[0.76131,42.320049],[0.764986,42.322477],[0.759547,42.325897],[0.757402,42.326138],[0.755308,42.325009],[0.75257,42.326297],[0.75028,42.326759],[0.74404,42.326315],[0.743911,42.328426],[0.74204,42.332683],[0.742115,42.335382],[0.740723,42.336868],[0.744116,42.337811],[0.745122,42.337589],[0.748358,42.342003],[0.749792,42.343253],[0.750589,42.342984],[0.754362,42.344571],[0.754667,42.346632],[0.755793,42.347],[0.758118,42.346708],[0.75954,42.348363],[0.76289,42.348361],[0.763618,42.347743],[0.771669,42.350638],[0.766778,42.353086],[0.765821,42.35617],[0.764523,42.356798],[0.763546,42.35629],[0.759012,42.357213],[0.753752,42.356341],[0.75034,42.356939],[0.749588,42.357567],[0.748237,42.356693],[0.74651,42.356849],[0.739829,42.359849],[0.737715,42.361863],[0.734084,42.361865],[0.728857,42.363188],[0.725902,42.365373],[0.723635,42.365627],[0.722587,42.367417],[0.723163,42.368748],[0.72586,42.370191],[0.734632,42.371508],[0.73601,42.374057],[0.735299,42.376161],[0.738084,42.376672],[0.743414,42.379109],[0.743495,42.380872],[0.744696,42.383515],[0.746459,42.384772],[0.744644,42.387128],[0.743369,42.387944],[0.742983,42.39064],[0.742107,42.391857],[0.740793,42.391612],[0.739506,42.396111],[0.738058,42.398112],[0.738513,42.399637],[0.73685,42.39925],[0.734687,42.40068],[0.730693,42.40217],[0.728747,42.403971],[0.726307,42.40523],[0.728629,42.407919],[0.731677,42.408099],[0.733839,42.407272],[0.734883,42.407859],[0.736209,42.41402],[0.734727,42.416896],[0.729411,42.422543],[0.726597,42.42693],[0.72247,42.427641],[0.719161,42.428992],[0.717822,42.431249],[0.714211,42.433284],[0.710504,42.436385],[0.710285,42.436986],[0.711084,42.43941],[0.709232,42.442216],[0.709234,42.444305],[0.707693,42.446831],[0.707876,42.448077],[0.706176,42.450383],[0.707777,42.452789],[0.707644,42.455062],[0.706637,42.456536],[0.708887,42.459425],[0.706401,42.464692],[0.7047,42.464927],[0.702647,42.468055],[0.697202,42.474102],[0.695278,42.476946],[0.691982,42.483572],[0.690846,42.487624],[0.69834,42.486383],[0.701165,42.490964],[0.699627,42.49521],[0.700861,42.495908],[0.705443,42.494392],[0.706413,42.493307],[0.708352,42.492343],[0.708977,42.490153],[0.713671,42.487255],[0.726795,42.498056],[0.72996,42.497269],[0.733509,42.504338],[0.73748,42.504001],[0.738318,42.504784],[0.74003,42.505143],[0.739902,42.506254],[0.738561,42.506622],[0.737376,42.508174],[0.735125,42.508598],[0.732796,42.509746],[0.729337,42.51256],[0.727986,42.512964],[0.724549,42.51268],[0.72063,42.513086],[0.720266,42.514134],[0.723577,42.517817],[0.724087,42.520672],[0.721443,42.524513],[0.722573,42.526727],[0.723897,42.527918],[0.72445,42.529431],[0.724244,42.530266],[0.725532,42.531034],[0.726079,42.532466],[0.730212,42.535213],[0.732098,42.535601],[0.733831,42.537724],[0.734511,42.539529],[0.735758,42.540218],[0.736711,42.539052],[0.739207,42.537629],[0.743085,42.536305],[0.743904,42.535549],[0.74728,42.534799],[0.75075,42.534793],[0.749808,42.535932],[0.746515,42.537462],[0.745268,42.540231],[0.744317,42.541226],[0.742374,42.542136],[0.741315,42.543962],[0.741815,42.545197],[0.742764,42.545995],[0.742307,42.546919],[0.742901,42.548286],[0.744643,42.548301],[0.745266,42.54955],[0.747276,42.549773],[0.748307,42.551531],[0.75016,42.552785],[0.749768,42.55458],[0.748551,42.55561],[0.748463,42.556568],[0.750067,42.558334],[0.750039,42.560307],[0.752364,42.561914],[0.75245,42.562533],[0.753808,42.563848],[0.753722,42.565877],[0.754556,42.566768],[0.756576,42.567557],[0.757505,42.568616],[0.75809,42.570856],[0.759039,42.572248],[0.759472,42.573782],[0.75823,42.575606],[0.757916,42.577282],[0.759586,42.57892],[0.759674,42.579763],[0.760616,42.580849],[0.760038,42.583398],[0.761006,42.584699],[0.759958,42.586507],[0.761342,42.58865],[0.760915,42.59249],[0.76293,42.594585],[0.762769,42.596166],[0.763621,42.596948],[0.765461,42.602416],[0.766943,42.604745],[0.767268,42.606904],[0.768062,42.607535],[0.767754,42.608085],[0.7682,42.609817],[0.758042,42.610773],[0.754139,42.612144],[0.751358,42.612325],[0.748189,42.613347],[0.745432,42.61513],[0.741909,42.612905],[0.738178,42.612468],[0.73372,42.615189],[0.730043,42.615057],[0.726383,42.616644],[0.724221,42.616769],[0.721578,42.618655],[0.718054,42.619662],[0.712783,42.619788],[0.708551,42.620789],[0.702657,42.625014],[0.700535,42.627667],[0.699017,42.628815],[0.699049,42.63038],[0.701051,42.63227],[0.699824,42.637063],[0.701603,42.639707],[0.703735,42.64152],[0.701757,42.64252],[0.699271,42.645014],[0.698772,42.647083],[0.696153,42.651256],[0.695767,42.652556],[0.696354,42.654022],[0.695788,42.655995],[0.696022,42.658499],[0.69206,42.659581],[0.687698,42.663999],[0.686237,42.664875],[0.680741,42.666006],[0.680478,42.666726],[0.681137,42.666939],[0.680035,42.66873],[0.678155,42.669322],[0.676148,42.671088],[0.673581,42.676789],[0.67375,42.679044],[0.672309,42.680063],[0.671666,42.681155],[0.666213,42.682635],[0.660376,42.688387],[0.660066,42.690982],[0.662085,42.691511],[0.664954,42.691104],[0.669048,42.688919],[0.67251,42.690492],[0.676643,42.691034],[0.676403,42.693996],[0.674358,42.695952],[0.674197,42.699226],[0.676486,42.703672],[0.680637,42.705114],[0.68131,42.705768],[0.682336,42.709076],[0.676516,42.713468],[0.676594,42.714384],[0.673537,42.717408],[0.672922,42.720021],[0.67639,42.722503],[0.680526,42.723261],[0.679045,42.724434],[0.677806,42.727437],[0.674975,42.72913],[0.672225,42.729714],[0.669881,42.731599],[0.670184,42.733417],[0.667453,42.736395],[0.666867,42.73744],[0.667587,42.738255],[0.666443,42.738949],[0.66725,42.741228],[0.665135,42.741611],[0.663698,42.743134],[0.663234,42.74666],[0.664565,42.748103],[0.663697,42.749743],[0.659833,42.751973],[0.647724,42.751325],[0.639682,42.754805],[0.651254,42.76253],[0.649973,42.762976],[0.651208,42.763621],[0.650988,42.764241],[0.651568,42.766005],[0.654886,42.767141],[0.656028,42.768266],[0.658961,42.768272],[0.662814,42.769994],[0.66627,42.77326],[0.668658,42.774786],[0.667633,42.775431],[0.658983,42.776519],[0.65743,42.777127],[0.654501,42.776995],[0.648023,42.782199],[0.645228,42.783099],[0.646803,42.784931],[0.64803,42.785423],[0.650353,42.785438],[0.652564,42.787898],[0.653961,42.791689],[0.655757,42.793541],[0.656909,42.794008],[0.660045,42.798671],[0.663473,42.79875],[0.66634,42.80009],[0.667543,42.801618],[0.670509,42.801946],[0.671647,42.805871],[0.670158,42.806747],[0.668715,42.809648],[0.666298,42.811994],[0.665198,42.814065],[0.665362,42.815599],[0.667218,42.81906],[0.670866,42.821599],[0.670624,42.824119],[0.665369,42.827502],[0.662821,42.828475],[0.662005,42.82978],[0.661672,42.831997],[0.660234,42.832718],[0.658896,42.836786],[0.660978,42.840132],[0.6631,42.841468],[0.668246,42.844067],[0.67509,42.845981],[0.678776,42.848096],[0.679188,42.850496],[0.678225,42.854687],[0.678617,42.855097],[0.68198,42.854232],[0.68512,42.855176],[0.690618,42.854827],[0.692765,42.855109],[0.70005,42.857223],[0.708291,42.861377],[0.714842,42.859607],[0.716212,42.857969],[0.723129,42.860238],[0.73143,42.85623],[0.732979,42.854316],[0.734802,42.853707],[0.735803,42.848794],[0.739898,42.848327],[0.745867,42.846673],[0.750622,42.846796],[0.755746,42.844323],[0.756861,42.844349],[0.76124,42.842927],[0.763049,42.840472],[0.764856,42.840206],[0.76664,42.839174],[0.770232,42.838083],[0.779149,42.836051],[0.784062,42.836573],[0.787037,42.836006],[0.790873,42.836905],[0.79652,42.840013],[0.800988,42.840657],[0.802216,42.840725],[0.806861,42.839066],[0.811259,42.838767],[0.816401,42.837037],[0.820575,42.834701],[0.823008,42.832297],[0.826784,42.831432],[0.833193,42.828264],[0.843231,42.829169],[0.857184,42.826349],[0.858601,42.825734],[0.857811,42.825032],[0.861269,42.821241],[0.863865,42.820109],[0.871105,42.815605],[0.874307,42.815965],[0.877687,42.814275],[0.880257,42.814881],[0.885483,42.8132],[0.890841,42.810298],[0.892859,42.808159],[0.898185,42.806717],[0.901519,42.803541],[0.906653,42.801187],[0.907538,42.798924],[0.907126,42.798218],[0.908,42.796954],[0.914967,42.796338],[0.917496,42.793793],[0.92679,42.789585],[0.928228,42.789715],[0.931181,42.789046],[0.933747,42.789796],[0.935849,42.788823],[0.933354,42.790935],[0.938726,42.796206],[0.94348,42.79868],[0.946528,42.801222],[0.950962,42.801744],[0.958665,42.803648],[0.961127,42.805246],[0.965167,42.804557],[0.967971,42.800615],[0.977899,42.795075],[0.979025,42.79319],[0.978672,42.790744],[0.984831,42.786136],[0.986297,42.787075],[0.991703,42.786743],[0.993195,42.78733],[0.995531,42.786969],[1.002802,42.790154],[1.006512,42.79042],[1.008536,42.789782],[1.01002,42.788524],[1.01413,42.788758],[1.016998,42.787171],[1.019555,42.787586],[1.021939,42.786646],[1.025863,42.786652],[1.031547,42.785138],[1.032845,42.787055],[1.035024,42.785978],[1.037145,42.785895],[1.038255,42.785099],[1.039361,42.78669],[1.041403,42.786329],[1.044229,42.784294],[1.043017,42.782392],[1.042886,42.781325],[1.044425,42.780748],[1.053099,42.782359],[1.058766,42.781735],[1.059353,42.783038],[1.073584,42.782343],[1.076338,42.787241],[1.078532,42.787893],[1.083226,42.784547],[1.083118,42.782534],[1.090321,42.776658],[1.095151,42.774279],[1.098908,42.773064],[1.105875,42.772337],[1.108984,42.771118],[1.109469,42.770326],[1.10898,42.766814],[1.109335,42.765352],[1.112386,42.765098],[1.119408,42.762829],[1.121552,42.75942],[1.12574,42.757171],[1.128967,42.754435],[1.12924,42.753029],[1.132108,42.750045],[1.1309,42.744371],[1.130537,42.739099],[1.13503,42.735578],[1.133029,42.731572],[1.133122,42.72911],[1.133577,42.728238],[1.139356,42.724428],[1.149572,42.721249],[1.151984,42.719693],[1.152543,42.718007],[1.153682,42.716607],[1.159692,42.712994],[1.161177,42.712553],[1.165687,42.709534],[1.171053,42.708168],[1.176043,42.709022],[1.177071,42.710335],[1.177423,42.712132],[1.178425,42.713049],[1.185933,42.715026],[1.187246,42.71604],[1.192322,42.716521],[1.197788,42.718094],[1.201262,42.718011],[1.202826,42.719287],[1.20554,42.71988],[1.206333,42.72094],[1.209345,42.721784],[1.216645,42.720669],[1.220654,42.72306],[1.221538,42.724207],[1.223989,42.724522],[1.226804,42.726236],[1.228223,42.728066],[1.229697,42.728542],[1.232017,42.728178],[1.235887,42.725648],[1.237902,42.725286],[1.24159,42.725473],[1.243118,42.723706],[1.246332,42.723559],[1.247785,42.722668],[1.248108,42.721846],[1.250428,42.721318],[1.25144,42.718967],[1.251805,42.715559],[1.252585,42.714648],[1.259012,42.716308],[1.260051,42.716333],[1.261049,42.715566],[1.26681,42.716432],[1.267442,42.718524],[1.268169,42.718974],[1.27567,42.719198],[1.277586,42.716876],[1.278397,42.714819],[1.281943,42.715785],[1.290102,42.71918],[1.295089,42.720487],[1.297758,42.720234],[1.29844,42.719677],[1.302406,42.719465],[1.305956,42.719421],[1.307573,42.719847],[1.309552,42.718097],[1.312485,42.719355],[1.317432,42.719736],[1.320129,42.721822],[1.324692,42.723864],[1.325944,42.725014],[1.333383,42.725741],[1.336108,42.725232],[1.337836,42.721647],[1.340139,42.720182],[1.344694,42.72018],[1.352142,42.72104],[1.354683,42.720538],[1.358282,42.720662],[1.359041,42.716338],[1.355212,42.713972],[1.353256,42.71167],[1.353297,42.709984],[1.352625,42.709101],[1.353355,42.707146],[1.351777,42.704658],[1.35225,42.703226],[1.354703,42.700252],[1.362237,42.698362],[1.365662,42.695161],[1.369128,42.696361],[1.372844,42.6954],[1.377146,42.696],[1.378101,42.694649],[1.38147,42.692395],[1.384695,42.691398],[1.388959,42.688003],[1.389762,42.686927],[1.390015,42.685153],[1.388148,42.682037],[1.387996,42.680756],[1.386958,42.679706],[1.386591,42.678126],[1.389653,42.673264],[1.388386,42.672088],[1.387459,42.668801],[1.399558,42.665977],[1.402749,42.662793],[1.405804,42.656832],[1.40636,42.656577],[1.408255,42.657503],[1.409679,42.657628],[1.414688,42.655157],[1.415054,42.654297],[1.414541,42.652219],[1.415381,42.650304],[1.414789,42.648319],[1.416612,42.646853],[1.416485,42.644887],[1.418132,42.643004],[1.418878,42.641139],[1.418513,42.639946],[1.416963,42.638719],[1.417428,42.635991],[1.42011,42.632709],[1.42154,42.632239],[1.421169,42.625123],[1.422651,42.624183],[1.424258,42.622257],[1.429096,42.620854],[1.428876,42.61845],[1.430572,42.617781],[1.431317,42.616942],[1.429956,42.614941],[1.429916,42.613692],[1.429233,42.61334],[1.430315,42.611929],[1.431676,42.611525],[1.433126,42.610146],[1.433017,42.609295],[1.433685,42.608584],[1.433801,42.607472],[1.436133,42.605977],[1.441888,42.60019],[1.44447,42.592805],[1.443608,42.589768],[1.441037,42.588059],[1.436975,42.588847],[1.434325,42.587914],[1.428702,42.587826],[1.428335,42.587462],[1.428614,42.585551],[1.427583,42.583385],[1.430114,42.579389],[1.433427,42.575605],[1.438292,42.573273],[1.441971,42.573094],[1.444778,42.571968],[1.444617,42.570731],[1.445216,42.569565],[1.444677,42.568325],[1.445067,42.566788],[1.441456,42.564308],[1.437033,42.563085],[1.426528,42.558702],[1.423563,42.555179],[1.422666,42.552143],[1.421173,42.549968],[1.419643,42.549523],[1.419797,42.545322],[1.415416,42.540701],[1.414062,42.535666],[1.416518,42.535616],[1.42513,42.539119],[1.432872,42.540142],[1.437137,42.54311],[1.439015,42.543668],[1.441031,42.543589],[1.447208,42.541251],[1.452906,42.538175],[1.452087,42.534021],[1.453705,42.530752],[1.454292,42.527029],[1.457154,42.526026],[1.460319,42.523463],[1.460633,42.522406],[1.463934,42.518694],[1.465656,42.513818],[1.469563,42.510766],[1.459371,42.504007],[1.443706,42.495208],[1.432334,42.493533],[1.426163,42.493493],[1.424046,42.491261],[1.424169,42.490419],[1.422712,42.487702],[1.420358,42.486749],[1.419494,42.48382],[1.421701,42.483023],[1.425375,42.482683],[1.429719,42.483046],[1.431593,42.482721],[1.433751,42.481764],[1.434168,42.480947],[1.441394,42.475471],[1.441597,42.474563],[1.440579,42.471181],[1.441038,42.467535],[1.440485,42.46436],[1.440869,42.463769],[1.443289,42.462919],[1.447833,42.460122],[1.445913,42.458072],[1.443666,42.457079],[1.441813,42.455296],[1.442413,42.452779],[1.442137,42.451637],[1.446574,42.448196],[1.445684,42.44661],[1.447159,42.443762],[1.442947,42.4447],[1.444756,42.441415],[1.450408,42.437981],[1.455547,42.436052],[1.462463,42.436395],[1.469529,42.43611],[1.476627,42.435427],[1.479597,42.434294],[1.485566,42.433294],[1.496432,42.433129],[1.504304,42.431549],[1.507685,42.429895],[1.509968,42.429868],[1.513203,42.428894],[1.516645,42.428929],[1.519197,42.430953],[1.523351,42.431086],[1.526114,42.432147],[1.529798,42.432505],[1.535338,42.432475],[1.539354,42.433063],[1.542889,42.432364],[1.548494,42.433231],[1.551451,42.432609],[1.552994,42.433448],[1.553624,42.435088],[1.553087,42.435722],[1.553648,42.439274],[1.554442,42.440169],[1.553406,42.44347],[1.555502,42.446394],[1.559125,42.447735],[1.560502,42.448949],[1.559119,42.451832],[1.557373,42.453909],[1.557767,42.454983],[1.56091,42.458576],[1.563699,42.458131],[1.567813,42.458868],[1.569961,42.457476],[1.57254,42.453997],[1.574831,42.452059],[1.576941,42.451156],[1.577956,42.45008],[1.581195,42.449977],[1.582984,42.456496],[1.584374,42.45771],[1.586498,42.461154],[1.588479,42.462632],[1.590701,42.463416],[1.597975,42.467608],[1.599096,42.467635],[1.605917,42.46447],[1.612888,42.465513],[1.617233,42.465077],[1.619264,42.465742],[1.622931,42.465666],[1.627181,42.464099],[1.629514,42.464247],[1.631661,42.463017],[1.632309,42.463729],[1.632889,42.465984],[1.634672,42.467073],[1.640885,42.466569],[1.643167,42.46717],[1.646119,42.468769],[1.64909,42.467343],[1.651273,42.467102],[1.653951,42.467299],[1.657392,42.468437],[1.659538,42.471465],[1.662862,42.473968],[1.663212,42.475079],[1.661218,42.479004],[1.663603,42.479835],[1.663655,42.481516],[1.662193,42.484097],[1.662965,42.487765],[1.662619,42.490147],[1.663179,42.49179],[1.662695,42.493124],[1.665793,42.495843],[1.666245,42.498481],[1.668083,42.499801],[1.669461,42.502779],[1.670695,42.504151],[1.676332,42.49752],[1.679841,42.494666],[1.681548,42.494227],[1.686025,42.495529],[1.690788,42.494956],[1.703976,42.489787],[1.71174,42.49224],[1.726624,42.504888],[1.726794,42.503107],[1.729561,42.498824],[1.729419,42.49775],[1.731249,42.49509],[1.731279,42.492424],[1.730099,42.492266],[1.725727,42.488341],[1.724633,42.486568],[1.726049,42.483088],[1.72762,42.480862],[1.728663,42.480657],[1.729989,42.479207],[1.730416,42.47746],[1.733457,42.47376],[1.731666,42.470179],[1.728159,42.465922],[1.726607,42.462114],[1.727754,42.458628],[1.727472,42.452949],[1.728775,42.448142],[1.732422,42.444921],[1.732286,42.440371],[1.745537,42.433168],[1.748667,42.433741],[1.757966,42.433111],[1.765151,42.430894],[1.769795,42.428036],[1.769732,42.428804],[1.770189,42.429217],[1.776022,42.43081],[1.777358,42.431591],[1.783112,42.431342],[1.785836,42.432002],[1.790607,42.430983],[1.794985,42.430854],[1.796834,42.427373],[1.798061,42.426097],[1.801907,42.424909],[1.803351,42.422652],[1.807416,42.418609],[1.808768,42.41532],[1.811375,42.411123],[1.810804,42.410814],[1.810197,42.411452],[1.805627,42.408565],[1.805477,42.407239],[1.80859,42.3995],[1.808858,42.393808],[1.807576,42.390702],[1.807926,42.390039],[1.805113,42.385646],[1.803389,42.381685],[1.800411,42.377984],[1.801869,42.37514],[1.804986,42.375406],[1.8064,42.370079],[1.80969,42.369752],[1.811796,42.37014],[1.814601,42.372363],[1.818067,42.374018],[1.819364,42.375413],[1.820459,42.375601],[1.822757,42.377854],[1.826969,42.37926],[1.828517,42.37933],[1.830351,42.381395],[1.832414,42.378679],[1.832871,42.381073],[1.835969,42.377251],[1.837645,42.377981],[1.838579,42.377265],[1.837322,42.376289],[1.83819,42.37588],[1.838806,42.376207],[1.840551,42.375504],[1.84096,42.375811],[1.842173,42.374873],[1.846346,42.376164],[1.846928,42.375205],[1.848205,42.374437],[1.848727,42.37471],[1.849698,42.37363],[1.849903,42.373955],[1.855518,42.369286],[1.848118,42.363645],[1.846308,42.359319],[1.84652,42.35624],[1.845665,42.35507],[1.844368,42.354782],[1.835519,42.355571],[1.839084,42.350469],[1.837937,42.344233],[1.836476,42.34244],[1.83639,42.341003],[1.840167,42.339619],[1.839329,42.338817],[1.83891,42.336683],[1.837168,42.335334],[1.836255,42.333392],[1.835204,42.332986],[1.83614,42.332217],[1.836584,42.331046],[1.835517,42.33074],[1.835885,42.329212],[1.834805,42.328573],[1.834821,42.327835],[1.833517,42.326818],[1.835439,42.324513],[1.835151,42.323445],[1.835723,42.321881],[1.834973,42.320337],[1.835135,42.319124],[1.836964,42.317345],[1.837733,42.315674],[1.840473,42.312182],[1.839821,42.310634],[1.842976,42.306395],[1.841302,42.305601],[1.837676,42.305611],[1.834876,42.304046],[1.834947,42.303394],[1.833131,42.301229],[1.828454,42.300491],[1.82681,42.29929],[1.826069,42.299754],[1.822873,42.299988],[1.822067,42.299446],[1.819835,42.299918],[1.818773,42.299503],[1.814956,42.302248],[1.813511,42.302228],[1.812932,42.301631],[1.804836,42.302025],[1.799576,42.299527],[1.797343,42.297442],[1.798025,42.295406],[1.797639,42.294792],[1.794643,42.29399],[1.787625,42.294671],[1.785578,42.293595],[1.782124,42.293298],[1.779356,42.290857],[1.775862,42.290841],[1.772394,42.292282],[1.769518,42.292258],[1.762781,42.293781],[1.758067,42.292537],[1.745228,42.290477],[1.741089,42.290586],[1.738457,42.28929],[1.738201,42.287977],[1.734688,42.28399],[1.729678,42.283468],[1.727187,42.284048],[1.721361,42.283478],[1.71804,42.284462],[1.717091,42.287346],[1.715943,42.288041],[1.70272,42.284876],[1.696572,42.285849],[1.692019,42.28446],[1.691392,42.286296],[1.689704,42.285446],[1.686529,42.285144],[1.675418,42.285896],[1.670669,42.281687],[1.672473,42.280191],[1.675347,42.280353],[1.678553,42.278961],[1.682956,42.277845],[1.684533,42.276223],[1.687308,42.277189],[1.688402,42.276415],[1.690502,42.277095],[1.695419,42.263829],[1.689999,42.262332],[1.685773,42.260425],[1.685678,42.258502],[1.684945,42.256461],[1.688363,42.254503],[1.688609,42.25226],[1.690008,42.251689],[1.690164,42.247586],[1.697085,42.245006],[1.699167,42.241067],[1.701971,42.239989],[1.703502,42.23989],[1.70456,42.2362],[1.702981,42.235977],[1.701987,42.235315],[1.700614,42.230708],[1.698656,42.230284],[1.694786,42.228246],[1.681375,42.224312],[1.681963,42.223253],[1.683072,42.22237],[1.684315,42.222472],[1.685705,42.220786],[1.684292,42.218557],[1.684655,42.217578],[1.680771,42.20633],[1.685636,42.206446],[1.687395,42.205996],[1.688728,42.202412],[1.689321,42.202252],[1.689946,42.199085],[1.707762,42.190025],[1.713522,42.190472],[1.714169,42.190869],[1.714821,42.192795],[1.721879,42.196196],[1.7234,42.195152],[1.726592,42.194444],[1.730675,42.192051],[1.734048,42.191174],[1.734424,42.190051],[1.737714,42.189689],[1.738202,42.188445],[1.737136,42.185203],[1.738368,42.184998],[1.73662,42.183477],[1.736396,42.181614],[1.737455,42.178788],[1.739428,42.176518],[1.737884,42.174656],[1.736278,42.170977],[1.7368,42.162735],[1.736466,42.160867],[1.73569,42.160026],[1.727992,42.156283],[1.725598,42.153699],[1.721995,42.151795],[1.72099,42.151621],[1.716757,42.154091],[1.713921,42.154028],[1.711268,42.15203],[1.710367,42.150159],[1.708377,42.149754],[1.707181,42.145221],[1.705175,42.142962],[1.703039,42.14206],[1.704171,42.14069],[1.700354,42.13603],[1.698915,42.13571],[1.698672,42.134217],[1.700247,42.130506],[1.699337,42.128986],[1.699461,42.128053],[1.701117,42.126572],[1.702838,42.126123],[1.706419,42.122887],[1.708235,42.123236],[1.709233,42.122015],[1.709162,42.120893],[1.712044,42.119478],[1.711154,42.113347],[1.710127,42.110265],[1.705511,42.1077],[1.705753,42.105745],[1.711273,42.101755],[1.718388,42.101516],[1.722842,42.099793],[1.722933,42.094513],[1.722411,42.091077],[1.716953,42.08464],[1.713193,42.084794],[1.710448,42.083305],[1.707986,42.082704],[1.696377,42.086701],[1.691656,42.087093],[1.688712,42.081433],[1.68869,42.078355],[1.691771,42.078021],[1.690054,42.074409],[1.686486,42.068793],[1.674698,42.059173],[1.675098,42.057707],[1.675765,42.057914],[1.674297,42.053878],[1.673468,42.048843],[1.672124,42.046016],[1.670593,42.044413],[1.673,42.041983],[1.672234,42.040925],[1.673766,42.039593],[1.678914,42.038311],[1.680093,42.040541],[1.680345,42.046437],[1.682978,42.049877],[1.683477,42.049919],[1.683379,42.049419],[1.684056,42.049094],[1.683921,42.048082],[1.689886,42.046245],[1.692836,42.046124],[1.693875,42.043344],[1.697564,42.039483],[1.697678,42.03694],[1.696419,42.035749],[1.694658,42.035128],[1.699816,42.029586],[1.699644,42.028891],[1.69829,42.027398],[1.696182,42.028448],[1.689099,42.027865],[1.69001,42.027116],[1.689659,42.026779],[1.684079,42.02545],[1.678299,42.01861],[1.675275,42.019517],[1.674797,42.018771],[1.672799,42.018033],[1.67189,42.016837],[1.670095,42.015901],[1.668909,42.013717],[1.668954,42.011707],[1.67021,42.006938],[1.666325,42.003495],[1.660677,42.006651],[1.662157,42.007573],[1.66473,42.00826],[1.665655,42.010671],[1.662459,42.011864],[1.662534,42.015858],[1.665391,42.0191],[1.665058,42.022301],[1.662278,42.023405],[1.656214,42.020905],[1.655175,42.019579],[1.655951,42.017972],[1.654886,42.015953],[1.652027,42.013999],[1.651768,42.013271],[1.652133,42.01232],[1.653716,42.011013],[1.65302,42.006936],[1.649038,42.003325],[1.648134,42.001363],[1.648214,42.000144],[1.649009,41.999131],[1.652022,41.999224],[1.652227,41.998226],[1.651405,41.995738],[1.652353,41.994331],[1.652316,41.992514],[1.653926,41.993403],[1.655326,41.993238],[1.655896,41.993935],[1.655881,41.995538],[1.658001,41.998297],[1.655449,41.999535],[1.657323,42.001242],[1.655184,42.002364],[1.658216,42.005023],[1.662268,42.002994],[1.66212,42.000146],[1.662511,41.999545],[1.661526,41.992031],[1.662362,41.991079],[1.664047,41.991019],[1.666413,41.990032],[1.668501,41.99037],[1.671356,41.991613],[1.672208,41.991542],[1.676928,41.994356],[1.679047,41.993631],[1.682855,41.993871],[1.685091,41.994896],[1.690082,41.990226],[1.691422,41.99072],[1.692357,41.989656],[1.692438,41.988293],[1.691416,41.986543],[1.697796,41.985174],[1.69807,41.987594],[1.696862,41.991011],[1.699639,41.992986],[1.693877,42.000137],[1.69119,42.005937],[1.695107,42.012565],[1.696441,42.014113],[1.6981,42.014675],[1.699769,42.014066],[1.704249,42.010965],[1.707916,42.007825],[1.707084,42.003259],[1.707625,42.002417],[1.713177,42.002729],[1.716421,42.000903],[1.716509,42.000125],[1.718345,41.999491],[1.718072,41.998746],[1.718711,41.997432],[1.717715,41.997023],[1.716004,41.997382],[1.715935,41.996781],[1.717854,41.993839],[1.716407,41.993368],[1.715813,41.991213],[1.713934,41.991921],[1.713336,41.991991],[1.713185,41.991583],[1.713433,41.991023],[1.717041,41.989218],[1.717047,41.986039],[1.719537,41.985766],[1.719585,41.984458],[1.71777,41.983741],[1.717642,41.982504],[1.715147,41.981238],[1.70375,41.977061],[1.697803,41.97545],[1.696678,41.97492],[1.696331,41.974133],[1.695036,41.973916],[1.694308,41.972883],[1.683105,41.967373],[1.679185,41.968865],[1.672166,41.968252],[1.670866,41.970591],[1.669813,41.969896],[1.66977,41.973256],[1.672229,41.977667],[1.674265,41.979267],[1.67565,41.982524],[1.668244,41.984546],[1.660258,41.982935],[1.661433,41.981348],[1.660723,41.980386],[1.661029,41.979122],[1.660392,41.978671],[1.660594,41.977628],[1.656438,41.979048],[1.655929,41.980671],[1.650425,41.979653],[1.651693,41.978683],[1.64539,41.970997],[1.644612,41.968598],[1.645567,41.966308],[1.644917,41.964336],[1.645605,41.962363],[1.645511,41.96008],[1.64603,41.958916],[1.647241,41.958813],[1.649769,41.956594],[1.64876,41.955663],[1.648743,41.954268],[1.647698,41.9535],[1.64806,41.952504],[1.649006,41.952078],[1.649368,41.949435],[1.650737,41.946705],[1.650779,41.944795],[1.645063,41.943811],[1.643059,41.940471],[1.649899,41.933873],[1.653363,41.928789],[1.650362,41.926642],[1.643584,41.929114],[1.642405,41.928973],[1.642348,41.927859],[1.63861,41.927191],[1.634643,41.924029],[1.632831,41.920825],[1.626141,41.917332],[1.626304,41.916587],[1.622632,41.915484],[1.623118,41.913367],[1.620382,41.912703],[1.61745,41.910003],[1.617715,41.908489],[1.616094,41.90741],[1.616281,41.905989],[1.605516,41.901453],[1.604917,41.90217],[1.60238,41.902587],[1.60086,41.904584],[1.600516,41.902644],[1.597484,41.899362],[1.595294,41.896056],[1.587236,41.888554],[1.583806,41.88844],[1.585044,41.890749],[1.583186,41.892903],[1.57673,41.891595],[1.573088,41.884474],[1.569286,41.880007],[1.581676,41.87519],[1.583761,41.873351],[1.586851,41.874947],[1.589432,41.877167],[1.59173,41.877624],[1.592451,41.879279],[1.597892,41.88223],[1.600521,41.882944],[1.602095,41.884222],[1.60303,41.882474],[1.606241,41.884065],[1.611994,41.880304],[1.613443,41.880524],[1.615025,41.880074],[1.619479,41.881524],[1.618689,41.879089],[1.619023,41.877536],[1.621717,41.874645],[1.621896,41.873782],[1.621376,41.873092],[1.622999,41.870704],[1.625954,41.86909],[1.62845,41.860129],[1.630664,41.85877],[1.626823,41.848616],[1.631815,41.844705],[1.624319,41.84128],[1.622738,41.841074],[1.619685,41.84181],[1.615385,41.840281],[1.612364,41.838296],[1.612199,41.837177],[1.610365,41.836116],[1.611817,41.834545],[1.61215,41.833479],[1.615797,41.830289],[1.611814,41.817763],[1.602766,41.813616],[1.59361,41.811984],[1.589167,41.804716],[1.589862,41.8035],[1.592444,41.802073],[1.594292,41.801846],[1.593433,41.800773],[1.594811,41.799844],[1.594387,41.798799],[1.594795,41.797098],[1.595328,41.796483],[1.59747,41.796487],[1.598325,41.793968],[1.596271,41.794185],[1.5974,41.791304],[1.600184,41.789022],[1.592517,41.780731],[1.593952,41.777918],[1.58174,41.775526],[1.581174,41.777196],[1.576556,41.780253],[1.575468,41.78153],[1.57294,41.78218],[1.571843,41.77945],[1.569195,41.777395],[1.566613,41.777453],[1.564906,41.776954],[1.56301,41.777696],[1.562606,41.77727],[1.561553,41.777348],[1.561507,41.775342],[1.563009,41.773968],[1.561945,41.772192],[1.562017,41.770154],[1.559488,41.769939],[1.552872,41.77077],[1.548677,41.770639],[1.54621,41.764506],[1.546623,41.763202],[1.545537,41.761274],[1.54506,41.757592],[1.534433,41.757302],[1.536422,41.754981],[1.535549,41.752837],[1.53108,41.752554],[1.530094,41.754592],[1.529429,41.75813],[1.52857,41.759082],[1.53312,41.763575],[1.528979,41.764369],[1.527807,41.763947],[1.526462,41.765171],[1.523709,41.765703],[1.522707,41.766336],[1.521088,41.769471],[1.519272,41.770848],[1.516237,41.770265],[1.514348,41.770781],[1.512412,41.770614],[1.5107,41.771239],[1.512334,41.771895],[1.512405,41.772559],[1.511126,41.773537],[1.50936,41.77357],[1.508601,41.774068],[1.506719,41.779806],[1.505192,41.787879],[1.501157,41.789181],[1.496688,41.789789],[1.495582,41.789292],[1.49413,41.789682],[1.492187,41.788569],[1.488198,41.788816],[1.482804,41.790999],[1.484369,41.78911],[1.484718,41.788088],[1.48432,41.786167],[1.488021,41.777325],[1.482943,41.776101],[1.481831,41.774992],[1.483046,41.774125],[1.482767,41.773227],[1.484177,41.772415],[1.484124,41.771643],[1.482945,41.771122],[1.479874,41.771926],[1.478948,41.773664],[1.474471,41.772938],[1.473219,41.771366],[1.471731,41.771244],[1.471936,41.771759],[1.470446,41.772303],[1.470883,41.771503],[1.46867,41.770986],[1.466948,41.77424],[1.467446,41.775517],[1.46516,41.775165],[1.461476,41.776677],[1.461608,41.777194],[1.469127,41.778756],[1.469649,41.779168],[1.469281,41.779588],[1.470176,41.781912],[1.473852,41.782525],[1.471358,41.786791],[1.469897,41.787406],[1.469949,41.788845],[1.470944,41.789652],[1.472155,41.792018],[1.471897,41.796593],[1.472595,41.800221],[1.47144,41.800924],[1.465822,41.798342],[1.460709,41.797848],[1.459287,41.797985],[1.45821,41.798756],[1.456498,41.798714],[1.451511,41.797765],[1.443039,41.800713],[1.440305,41.800666],[1.433995,41.801829],[1.42667,41.801869],[1.420199,41.797374],[1.417362,41.79462],[1.417802,41.793324],[1.4199,41.791992],[1.420817,41.792542],[1.421012,41.793461],[1.421968,41.79319],[1.42131,41.790623],[1.418876,41.787943],[1.418941,41.786437],[1.415896,41.775921],[1.414243,41.77621],[1.411256,41.77492],[1.410456,41.768342],[1.410654,41.767371],[1.411854,41.766289],[1.410243,41.759806],[1.407759,41.752698],[1.404067,41.748824],[1.40338,41.745294],[1.404335,41.744492],[1.404845,41.745274],[1.406151,41.744845],[1.40569,41.74444],[1.411667,41.740789],[1.412083,41.741421],[1.414585,41.740037],[1.415099,41.740872],[1.416282,41.740422],[1.41589,41.74014],[1.421125,41.737408],[1.421088,41.736347],[1.422683,41.735943],[1.422369,41.735397],[1.425591,41.734705],[1.425205,41.732766],[1.419739,41.732635],[1.416962,41.72878],[1.401162,41.719556],[1.382279,41.705747],[1.398249,41.705594],[1.40069,41.704393],[1.39623,41.696083],[1.404546,41.694881],[1.40467,41.686151],[1.407395,41.685434],[1.409186,41.685626],[1.414553,41.684709],[1.41642,41.685321],[1.420251,41.685479],[1.423748,41.684111],[1.419306,41.676431],[1.415396,41.674574],[1.425714,41.66953],[1.426011,41.66091],[1.430876,41.655347],[1.433469,41.651321],[1.439691,41.648577],[1.439856,41.647833],[1.445202,41.645807],[1.4505,41.646556],[1.448674,41.636092],[1.44383,41.634425],[1.440437,41.63552],[1.431572,41.634008],[1.430647,41.629802],[1.424181,41.631763],[1.422048,41.634798],[1.412331,41.635218],[1.39203,41.634079],[1.38774,41.631011],[1.386604,41.625949],[1.380066,41.62492],[1.369607,41.621276],[1.369251,41.617247],[1.359976,41.61353],[1.361092,41.612101],[1.368974,41.610324],[1.370032,41.613012],[1.371015,41.61229],[1.374431,41.611701],[1.37468,41.607585],[1.380268,41.604716],[1.383918,41.603514],[1.38489,41.602639],[1.393719,41.599465],[1.406995,41.600469],[1.407161,41.596572],[1.406688,41.593322],[1.407398,41.59054],[1.405988,41.588514],[1.402139,41.58605],[1.395926,41.584812],[1.393041,41.579772],[1.392678,41.578309],[1.393006,41.57555],[1.393805,41.57425],[1.393804,41.572639],[1.395312,41.570303],[1.395828,41.567312],[1.402614,41.564314],[1.403802,41.558155],[1.39226,41.556427],[1.385812,41.556269],[1.38372,41.557069],[1.383558,41.55875],[1.381186,41.55984],[1.380813,41.561223],[1.372054,41.565384],[1.370158,41.565006],[1.367024,41.56617],[1.346705,41.568004],[1.312911,41.569],[1.304984,41.571684],[1.30335,41.569819],[1.298632,41.568654],[1.297528,41.567732],[1.294519,41.566656],[1.277032,41.5702],[1.273109,41.572156],[1.259493,41.567503],[1.257325,41.571725],[1.252881,41.571431],[1.251503,41.572355],[1.2519,41.571278],[1.248293,41.569863],[1.246791,41.57054],[1.245712,41.568896],[1.244352,41.568271],[1.240968,41.569684],[1.234808,41.571199],[1.232331,41.569264],[1.220217,41.569575],[1.216501,41.567191],[1.217318,41.562442],[1.214291,41.56033],[1.213664,41.552906],[1.211119,41.548596],[1.197008,41.543386],[1.193174,41.542842],[1.18657,41.543588],[1.181036,41.543465],[1.17142,41.540609],[1.16827,41.540463],[1.167145,41.536938],[1.176201,41.534826],[1.176611,41.533757],[1.170726,41.532621],[1.167657,41.533173],[1.165461,41.534613],[1.165007,41.534449],[1.16678,41.532386],[1.17037,41.531004],[1.171819,41.531735],[1.173672,41.531298],[1.171537,41.520462],[1.170963,41.519367],[1.169512,41.518231],[1.1665,41.51816],[1.164842,41.514348],[1.16455,41.513359],[1.164982,41.508706],[1.165762,41.508912],[1.166161,41.506908],[1.167883,41.504819],[1.170978,41.50414],[1.17194,41.502889],[1.175977,41.501599],[1.176452,41.500051],[1.175959,41.498898],[1.176179,41.497666],[1.177629,41.495452],[1.177492,41.49443],[1.1813,41.488105],[1.176729,41.4863],[1.175143,41.486961],[1.172796,41.486965],[1.170169,41.485224],[1.160799,41.481773],[1.130885,41.476847],[1.129695,41.475089],[1.130082,41.473823],[1.121445,41.471117],[1.120059,41.469456],[1.118702,41.469955],[1.116981,41.469819],[1.116914,41.468948],[1.114144,41.468876],[1.113095,41.468202],[1.112529,41.467007],[1.108495,41.466818],[1.108328,41.468157],[1.107304,41.469004],[1.107367,41.469992],[1.106649,41.470945],[1.106527,41.472993],[1.105181,41.474806],[1.094286,41.477474],[1.091608,41.47602],[1.082864,41.479195],[1.078745,41.483583],[1.06995,41.48674],[1.065275,41.487239],[1.060404,41.48996],[1.060096,41.491168],[1.056785,41.493563],[1.050654,41.495689],[1.05019,41.496498],[1.04291,41.500374],[1.040104,41.501103],[1.037675,41.497866],[1.042146,41.493315],[1.044694,41.491532],[1.046126,41.491265],[1.04713,41.490068],[1.04801,41.487471],[1.04633,41.484343],[1.037713,41.479991],[1.043084,41.476452],[1.043335,41.475093],[1.057293,41.466253],[1.064177,41.465109],[1.066064,41.4637],[1.068495,41.4641],[1.072473,41.463005],[1.075474,41.4599],[1.07043,41.455622],[1.068727,41.455943],[1.064423,41.454691],[1.06311,41.452252],[1.063362,41.45073],[1.061523,41.449076],[1.06272,41.448313],[1.059421,41.446845],[1.05845,41.444709],[1.058684,41.443674],[1.056191,41.442844],[1.055997,41.44222],[1.052098,41.443021],[1.050709,41.442895],[1.049627,41.442231],[1.049571,41.441329],[1.046195,41.439901],[1.046666,41.437084],[1.045118,41.436049],[1.044586,41.433078],[1.04303,41.431332],[1.042924,41.430408],[1.040216,41.428027],[1.040229,41.425352],[1.038136,41.421698],[1.03124,41.421229],[1.03239,41.419135],[1.032023,41.418031],[1.031176,41.416918],[1.029965,41.416474],[1.027325,41.409777],[1.024484,41.409093],[1.021174,41.40585],[1.015907,41.404233],[1.014262,41.404327],[1.013037,41.403847],[1.006234,41.405823],[1.002843,41.404761],[1.00272,41.404117],[1.001585,41.403553],[1.001375,41.402084],[1.002842,41.400457],[1.004005,41.400317],[0.998668,41.399089],[0.993321,41.393809],[0.994001,41.391246],[0.992736,41.390705],[0.992853,41.389485],[0.992021,41.388596],[0.982003,41.392149],[0.979774,41.386589],[0.978733,41.386382],[0.978649,41.385205],[0.975285,41.383566],[0.973941,41.381721],[0.972942,41.378874],[0.972895,41.374176],[0.971705,41.373875],[0.965527,41.369595],[0.96488,41.368581],[0.962614,41.368074],[0.963576,41.364439],[0.962652,41.362409],[0.963914,41.361735],[0.963418,41.360663],[0.967174,41.359524],[0.964644,41.35547],[0.959911,41.354867],[0.955517,41.351975],[0.952161,41.351811],[0.950997,41.352518],[0.948504,41.352207],[0.945214,41.349979],[0.942028,41.350052],[0.939715,41.349339],[0.934508,41.350391],[0.932874,41.349844],[0.92938,41.349972],[0.928604,41.349387],[0.922209,41.348569],[0.920067,41.349309],[0.918354,41.349034],[0.912118,41.349868],[0.908825,41.348566],[0.906095,41.348272],[0.905536,41.347724],[0.901933,41.347621],[0.900279,41.346137],[0.897623,41.345885],[0.893381,41.343481],[0.889639,41.343247],[0.884933,41.34147],[0.883247,41.341843],[0.872432,41.340812],[0.869274,41.33955],[0.865661,41.339077],[0.863643,41.338082],[0.855505,41.347775],[0.847018,41.354823],[0.845122,41.361982],[0.842785,41.361682],[0.832479,41.358785],[0.825965,41.341055],[0.822627,41.334061],[0.821461,41.332912],[0.821538,41.331774],[0.820742,41.331044],[0.820515,41.329602],[0.819848,41.328823],[0.813295,41.327293],[0.812378,41.327954],[0.80887,41.328233],[0.802365,41.330384],[0.795099,41.328688],[0.791752,41.331545],[0.787377,41.331698],[0.78517,41.332383],[0.783811,41.331816],[0.781452,41.332325],[0.779597,41.331864],[0.779082,41.332665],[0.7765,41.332443],[0.773793,41.334171],[0.769611,41.333759],[0.762829,41.334242],[0.761571,41.33377],[0.758846,41.331049],[0.757331,41.330892],[0.755411,41.329072],[0.754002,41.328677],[0.753974,41.326733],[0.753028,41.325647],[0.750837,41.324728],[0.751874,41.317832],[0.749638,41.317158],[0.745147,41.316746],[0.742511,41.317444],[0.737893,41.316045],[0.73657,41.316098],[0.733565,41.31452],[0.733404,41.314003],[0.728842,41.314637],[0.72478,41.312725],[0.720651,41.313201],[0.717126,41.312549],[0.713419,41.313723],[0.711958,41.312392],[0.709732,41.31295],[0.707244,41.311626],[0.703409,41.31265],[0.698188,41.312206],[0.695036,41.313919],[0.693767,41.3126],[0.690433,41.312347],[0.687944,41.310148],[0.683928,41.310097],[0.681117,41.308098],[0.67985,41.308084],[0.677992,41.309657],[0.674065,41.30971],[0.672208,41.309166],[0.669974,41.30958],[0.669557,41.308548],[0.667034,41.307431],[0.666073,41.306471],[0.664941,41.306724],[0.662538,41.305612],[0.661948,41.303622],[0.658162,41.302329],[0.657064,41.301481],[0.651816,41.300108],[0.650463,41.300034],[0.649375,41.30087],[0.648439,41.300792],[0.645889,41.299171],[0.637106,41.297558],[0.634895,41.296448],[0.633659,41.294839],[0.629392,41.293254],[0.628418,41.29097],[0.625382,41.292201],[0.623213,41.292278],[0.621307,41.292149],[0.619091,41.29094],[0.615762,41.292054],[0.613322,41.291122],[0.608243,41.292551],[0.606021,41.291657],[0.605019,41.291896],[0.604194,41.293614],[0.602424,41.293994],[0.597157,41.293538],[0.586255,41.307233],[0.582175,41.311242],[0.581129,41.320055],[0.574916,41.318492],[0.554779,41.326663],[0.545906,41.322984],[0.542258,41.310786],[0.537959,41.306172],[0.53497,41.302131],[0.530383,41.300336],[0.529011,41.295947],[0.527041,41.291739],[0.52616,41.290451],[0.524761,41.289981],[0.518269,41.291594],[0.516025,41.290717],[0.510235,41.290948],[0.503626,41.289727],[0.502879,41.292055],[0.50286,41.293928],[0.502173,41.295138],[0.499088,41.297069],[0.497496,41.303025],[0.492583,41.305174],[0.490651,41.306565],[0.490123,41.310318],[0.481136,41.31739],[0.480748,41.319959],[0.479892,41.32094],[0.480241,41.323442],[0.474998,41.32505],[0.475615,41.32677],[0.471383,41.327834],[0.469889,41.330752],[0.467294,41.331595],[0.461615,41.3349],[0.456621,41.329945],[0.451856,41.329764],[0.442092,41.325608]],[[1.662627,42.106087],[1.667258,42.104935],[1.67104,42.105078],[1.678681,42.103596],[1.689428,42.10456],[1.689752,42.104853],[1.688694,42.105266],[1.688251,42.106472],[1.692232,42.110271],[1.692037,42.112863],[1.688765,42.11261],[1.682079,42.114585],[1.678104,42.114297],[1.671407,42.114661],[1.668294,42.113761],[1.662853,42.113614],[1.660366,42.114327],[1.657718,42.114165],[1.65632,42.115383],[1.655621,42.115079],[1.65573,42.113436],[1.653885,42.113502],[1.65223,42.114514],[1.645945,42.11323],[1.645234,42.11261],[1.647769,42.111229],[1.651202,42.110711],[1.653485,42.109358],[1.662627,42.106087]]],[[[1.720295,41.895367],[1.720905,41.894658],[1.725267,41.893018],[1.719108,41.882389],[1.715941,41.88584],[1.706601,41.888756],[1.706333,41.889378],[1.70719,41.890207],[1.708134,41.890105],[1.708059,41.889091],[1.710062,41.888793],[1.711471,41.889446],[1.711444,41.890383],[1.712132,41.891048],[1.708747,41.894663],[1.708542,41.895806],[1.709076,41.896846],[1.711299,41.896755],[1.713009,41.895109],[1.714015,41.892727],[1.715646,41.892137],[1.718628,41.89287],[1.719571,41.89356],[1.720295,41.895367]]]]}},{"type":"Feature","properties":{"CPRO":"43","province_name":"Tarragona"},"geometry":{"type":"MultiPolygon","coordinates":[[[[0.448991,40.541291],[0.447366,40.542304],[0.447309,40.543719],[0.446238,40.54494],[0.438926,40.546671],[0.436958,40.547928],[0.436131,40.549078],[0.435827,40.549826],[0.43657,40.553731],[0.436418,40.557437],[0.436122,40.558814],[0.435065,40.559386],[0.434488,40.560808],[0.43424,40.564724],[0.433412,40.56538],[0.434446,40.567357],[0.435437,40.567562],[0.438313,40.570214],[0.438275,40.571089],[0.436485,40.571889],[0.436594,40.572625],[0.439708,40.574396],[0.439761,40.576106],[0.440188,40.576606],[0.443944,40.578223],[0.443441,40.57877],[0.441117,40.579289],[0.434622,40.579087],[0.431369,40.579454],[0.428564,40.580978],[0.425647,40.583523],[0.420183,40.58546],[0.415076,40.589565],[0.404605,40.594828],[0.404753,40.596111],[0.406382,40.597252],[0.405335,40.59803],[0.40451,40.599937],[0.402759,40.601979],[0.401379,40.602497],[0.395058,40.602521],[0.390696,40.605757],[0.388394,40.606743],[0.382401,40.606001],[0.375952,40.606541],[0.371067,40.605036],[0.36797,40.606423],[0.365868,40.605746],[0.360207,40.605974],[0.35379,40.607854],[0.350804,40.608157],[0.344631,40.607598],[0.33793,40.608783],[0.323545,40.612522],[0.319042,40.614903],[0.315784,40.614033],[0.307085,40.619749],[0.301068,40.622615],[0.298753,40.626005],[0.292637,40.623278],[0.283408,40.62718],[0.279175,40.630056],[0.278943,40.631352],[0.277147,40.633789],[0.2773,40.63546],[0.276162,40.636843],[0.271337,40.638269],[0.270608,40.640521],[0.266544,40.644222],[0.266474,40.646177],[0.269475,40.647823],[0.269607,40.653674],[0.26868,40.655256],[0.268176,40.659],[0.272236,40.664397],[0.273325,40.666834],[0.273436,40.668623],[0.274233,40.669672],[0.275242,40.670472],[0.282125,40.672852],[0.28488,40.676439],[0.285406,40.678964],[0.286746,40.679493],[0.292326,40.685179],[0.291732,40.686574],[0.291841,40.688552],[0.289147,40.689827],[0.286566,40.690027],[0.283599,40.691534],[0.280983,40.693689],[0.27947,40.693471],[0.276889,40.6944],[0.276557,40.69559],[0.274756,40.697721],[0.27258,40.698954],[0.272303,40.700547],[0.270131,40.703076],[0.267306,40.703868],[0.266036,40.703561],[0.262432,40.705852],[0.251304,40.704825],[0.249432,40.70331],[0.24188,40.700371],[0.236524,40.701683],[0.235752,40.702606],[0.23477,40.706281],[0.227441,40.715024],[0.226628,40.717064],[0.224142,40.725627],[0.226117,40.733164],[0.223163,40.73231],[0.21792,40.732601],[0.216115,40.732246],[0.211921,40.72949],[0.208812,40.729108],[0.204584,40.726362],[0.201046,40.72592],[0.197292,40.724169],[0.193984,40.728746],[0.192614,40.729324],[0.191033,40.73116],[0.189136,40.730609],[0.187608,40.729111],[0.185554,40.728258],[0.182228,40.72826],[0.170724,40.732837],[0.167512,40.737249],[0.167498,40.739456],[0.164487,40.740115],[0.164245,40.741265],[0.163142,40.742223],[0.164905,40.742445],[0.164815,40.743285],[0.160098,40.748458],[0.159404,40.750062],[0.159182,40.750609],[0.159899,40.750751],[0.164551,40.748705],[0.16741,40.745069],[0.175358,40.741131],[0.176324,40.743256],[0.174002,40.748949],[0.174616,40.750419],[0.176231,40.751004],[0.17595,40.753552],[0.175223,40.754941],[0.177022,40.755171],[0.181264,40.753225],[0.183172,40.75374],[0.184091,40.755624],[0.185,40.753086],[0.190127,40.750323],[0.191376,40.75218],[0.194669,40.754656],[0.196209,40.758603],[0.197202,40.75907],[0.201514,40.7576],[0.205373,40.761482],[0.208545,40.76315],[0.210993,40.765532],[0.21199,40.767521],[0.221757,40.76642],[0.223444,40.765553],[0.225277,40.765979],[0.226806,40.766972],[0.229968,40.767433],[0.22926,40.768227],[0.229405,40.771222],[0.23084,40.773686],[0.233882,40.775339],[0.234752,40.776665],[0.233157,40.779394],[0.233917,40.786992],[0.244747,40.792091],[0.250181,40.798521],[0.258109,40.800225],[0.258103,40.799616],[0.258924,40.804524],[0.264951,40.813324],[0.266808,40.814703],[0.26994,40.81547],[0.270757,40.816419],[0.272541,40.817251],[0.272305,40.819483],[0.27642,40.819996],[0.278226,40.821035],[0.273759,40.825187],[0.271645,40.826067],[0.271767,40.827343],[0.266619,40.831154],[0.266319,40.833991],[0.261665,40.837257],[0.262316,40.838922],[0.259967,40.839142],[0.259926,40.841196],[0.260454,40.842307],[0.259039,40.843194],[0.258895,40.846053],[0.255409,40.846314],[0.255842,40.847418],[0.257616,40.848512],[0.255798,40.84941],[0.255124,40.850906],[0.255765,40.853094],[0.253707,40.853693],[0.253281,40.855425],[0.250807,40.856251],[0.253384,40.859943],[0.251632,40.862676],[0.252935,40.863846],[0.253388,40.865599],[0.254266,40.866322],[0.253321,40.869789],[0.255404,40.87453],[0.254463,40.874214],[0.25307,40.876064],[0.25173,40.876561],[0.250413,40.879462],[0.245279,40.880508],[0.24322,40.881367],[0.240156,40.883021],[0.238909,40.884704],[0.239973,40.88607],[0.241266,40.886781],[0.246009,40.887197],[0.245998,40.892547],[0.249018,40.894596],[0.250023,40.895973],[0.249377,40.897801],[0.249944,40.899938],[0.249585,40.901569],[0.253131,40.9049],[0.253471,40.906251],[0.25227,40.906933],[0.249841,40.907272],[0.248761,40.908491],[0.248545,40.909659],[0.248762,40.910445],[0.250251,40.911529],[0.254238,40.911975],[0.254005,40.91399],[0.25452,40.91602],[0.253287,40.917748],[0.253843,40.91965],[0.260535,40.928476],[0.26397,40.929036],[0.26559,40.928405],[0.267317,40.928995],[0.268278,40.930652],[0.270572,40.932136],[0.273154,40.93562],[0.27462,40.936623],[0.273819,40.938249],[0.274031,40.940621],[0.271849,40.941881],[0.27137,40.944227],[0.272902,40.945895],[0.275903,40.947728],[0.275979,40.948554],[0.274933,40.949728],[0.275505,40.950729],[0.276606,40.951139],[0.279604,40.950747],[0.281184,40.951468],[0.281645,40.95431],[0.283082,40.955719],[0.283001,40.957694],[0.285358,40.960418],[0.28537,40.961373],[0.284126,40.963606],[0.28425,40.964656],[0.285635,40.965283],[0.288537,40.96774],[0.292795,40.969239],[0.293502,40.970561],[0.292483,40.972526],[0.290995,40.973902],[0.288457,40.974245],[0.28338,40.972759],[0.281543,40.974046],[0.281009,40.976231],[0.28235,40.982164],[0.281112,40.987162],[0.272834,40.992811],[0.272285,40.993493],[0.271871,40.995936],[0.268494,40.998302],[0.26887,41.00111],[0.269396,41.001888],[0.27496,41.005251],[0.274269,41.007135],[0.27059,41.009428],[0.264473,41.010268],[0.262256,41.011132],[0.25993,41.012657],[0.25866,41.01463],[0.259456,41.017264],[0.261958,41.019292],[0.266304,41.019655],[0.272254,41.019261],[0.276394,41.018107],[0.279947,41.019428],[0.280031,41.020164],[0.274789,41.02434],[0.272575,41.025493],[0.270083,41.026086],[0.264307,41.026169],[0.262512,41.02667],[0.257857,41.02945],[0.252941,41.032975],[0.249866,41.037935],[0.246139,41.041237],[0.245197,41.041426],[0.243958,41.040902],[0.243357,41.039559],[0.243055,41.035596],[0.241658,41.034518],[0.234228,41.034583],[0.23198,41.035322],[0.230407,41.03696],[0.229958,41.038972],[0.230487,41.040534],[0.233487,41.043016],[0.234889,41.045408],[0.234319,41.046406],[0.233105,41.047116],[0.230477,41.047613],[0.226982,41.046693],[0.225002,41.04538],[0.222633,41.042663],[0.220744,41.041734],[0.219489,41.04185],[0.217745,41.043655],[0.217416,41.044952],[0.217771,41.046627],[0.21999,41.049194],[0.229008,41.052598],[0.230177,41.053881],[0.230448,41.055296],[0.229576,41.057887],[0.228773,41.058738],[0.22142,41.059467],[0.21943,41.060639],[0.218171,41.062863],[0.217928,41.065689],[0.218937,41.069551],[0.220699,41.071429],[0.221083,41.072481],[0.220562,41.073747],[0.217066,41.076726],[0.217138,41.077714],[0.220079,41.079208],[0.22109,41.081865],[0.220427,41.082911],[0.215969,41.084243],[0.208328,41.08279],[0.203514,41.083678],[0.201552,41.084678],[0.201259,41.102654],[0.20347,41.10624],[0.206738,41.109554],[0.205684,41.110386],[0.209324,41.116912],[0.204119,41.12129],[0.201276,41.12455],[0.201575,41.126773],[0.204273,41.128356],[0.207803,41.128699],[0.218871,41.131407],[0.220182,41.132423],[0.220418,41.1331],[0.21972,41.134401],[0.215901,41.135003],[0.213256,41.136444],[0.214298,41.137299],[0.237308,41.130431],[0.242496,41.129824],[0.248229,41.13014],[0.249454,41.131385],[0.249669,41.132613],[0.251334,41.13352],[0.252013,41.134483],[0.25192,41.135728],[0.250524,41.138334],[0.253151,41.140142],[0.252848,41.141007],[0.25481,41.141654],[0.256151,41.143705],[0.254809,41.144995],[0.255983,41.146799],[0.253088,41.14897],[0.252991,41.150153],[0.25809,41.150288],[0.261884,41.148954],[0.273362,41.148808],[0.292338,41.156354],[0.303669,41.164377],[0.302003,41.165155],[0.300852,41.166908],[0.301863,41.168284],[0.303451,41.169058],[0.305271,41.171834],[0.304997,41.176804],[0.306663,41.181952],[0.30629,41.185673],[0.308594,41.187147],[0.308191,41.189086],[0.309752,41.192148],[0.309831,41.193947],[0.312875,41.19639],[0.312538,41.199624],[0.31354,41.201297],[0.314406,41.205442],[0.315647,41.207829],[0.317931,41.210302],[0.31807,41.210938],[0.3172,41.212827],[0.318539,41.21549],[0.318362,41.216936],[0.319181,41.2211],[0.322405,41.225241],[0.326976,41.222938],[0.331633,41.222722],[0.333253,41.223386],[0.33608,41.225961],[0.3387,41.230325],[0.340658,41.23106],[0.343857,41.230391],[0.346938,41.228356],[0.350594,41.227061],[0.354507,41.226605],[0.357936,41.225559],[0.361215,41.225517],[0.36374,41.226623],[0.364534,41.227672],[0.364991,41.231702],[0.363727,41.236116],[0.364956,41.238673],[0.380022,41.236304],[0.381662,41.236427],[0.379115,41.237466],[0.379083,41.238917],[0.377769,41.241441],[0.374477,41.244924],[0.374839,41.24639],[0.37406,41.249349],[0.376751,41.250846],[0.378203,41.253784],[0.378228,41.255872],[0.378913,41.256429],[0.377117,41.261633],[0.378892,41.267353],[0.380609,41.271013],[0.38158,41.272011],[0.381913,41.273613],[0.384239,41.27658],[0.384616,41.277865],[0.386016,41.278842],[0.424341,41.274123],[0.430506,41.274678],[0.433502,41.276038],[0.433591,41.287517],[0.43632,41.297414],[0.432581,41.311727],[0.434598,41.318051],[0.434795,41.320207],[0.442092,41.325608],[0.451856,41.329764],[0.456621,41.329945],[0.461615,41.3349],[0.467294,41.331595],[0.469889,41.330752],[0.471383,41.327834],[0.475615,41.32677],[0.474998,41.32505],[0.480241,41.323442],[0.479892,41.32094],[0.480748,41.319959],[0.481136,41.31739],[0.490123,41.310318],[0.490651,41.306565],[0.492583,41.305174],[0.497496,41.303025],[0.499088,41.297069],[0.502173,41.295138],[0.50286,41.293928],[0.502879,41.292055],[0.503626,41.289727],[0.510235,41.290948],[0.516025,41.290717],[0.518269,41.291594],[0.524027,41.290085],[0.52616,41.290451],[0.529011,41.295947],[0.530383,41.300336],[0.53497,41.302131],[0.537959,41.306172],[0.542258,41.310786],[0.545906,41.322984],[0.554779,41.326663],[0.574916,41.318492],[0.581129,41.320055],[0.582175,41.311242],[0.586255,41.307233],[0.597157,41.293538],[0.602424,41.293994],[0.604194,41.293614],[0.605019,41.291896],[0.606021,41.291657],[0.608243,41.292551],[0.613322,41.291122],[0.615762,41.292054],[0.619091,41.29094],[0.621307,41.292149],[0.623213,41.292278],[0.625382,41.292201],[0.628418,41.29097],[0.629392,41.293254],[0.633659,41.294839],[0.634895,41.296448],[0.637106,41.297558],[0.645889,41.299171],[0.648439,41.300792],[0.649375,41.30087],[0.650463,41.300034],[0.651816,41.300108],[0.657064,41.301481],[0.658162,41.302329],[0.661948,41.303622],[0.662538,41.305612],[0.664941,41.306724],[0.666073,41.306471],[0.667034,41.307431],[0.669557,41.308548],[0.669974,41.30958],[0.672208,41.309166],[0.674065,41.30971],[0.677992,41.309657],[0.67985,41.308084],[0.681117,41.308098],[0.683928,41.310097],[0.687944,41.310148],[0.690433,41.312347],[0.693767,41.3126],[0.695036,41.313919],[0.698188,41.312206],[0.703409,41.31265],[0.707244,41.311626],[0.709732,41.31295],[0.711958,41.312392],[0.713419,41.313723],[0.717126,41.312549],[0.720651,41.313201],[0.72478,41.312725],[0.728842,41.314637],[0.733404,41.314003],[0.733565,41.31452],[0.73657,41.316098],[0.737893,41.316045],[0.742511,41.317444],[0.745147,41.316746],[0.749638,41.317158],[0.751874,41.317832],[0.750837,41.324728],[0.753028,41.325647],[0.753974,41.326733],[0.754002,41.328677],[0.755411,41.329072],[0.757331,41.330892],[0.758846,41.331049],[0.761571,41.33377],[0.762829,41.334242],[0.769611,41.333759],[0.773793,41.334171],[0.7765,41.332443],[0.779082,41.332665],[0.779597,41.331864],[0.781452,41.332325],[0.783811,41.331816],[0.78517,41.332383],[0.787377,41.331698],[0.791752,41.331545],[0.795099,41.328688],[0.802365,41.330384],[0.80887,41.328233],[0.812378,41.327954],[0.813295,41.327293],[0.819848,41.328823],[0.820515,41.329602],[0.820742,41.331044],[0.821538,41.331774],[0.821461,41.332912],[0.822627,41.334061],[0.825965,41.341055],[0.832479,41.358785],[0.842785,41.361682],[0.845122,41.361982],[0.847018,41.354823],[0.855505,41.347775],[0.863643,41.338082],[0.865661,41.339077],[0.869274,41.33955],[0.872432,41.340812],[0.883247,41.341843],[0.884933,41.34147],[0.889639,41.343247],[0.893381,41.343481],[0.897623,41.345885],[0.900279,41.346137],[0.901933,41.347621],[0.905536,41.347724],[0.906095,41.348272],[0.908825,41.348566],[0.912118,41.349868],[0.918354,41.349034],[0.920067,41.349309],[0.922209,41.348569],[0.928604,41.349387],[0.92938,41.349972],[0.932874,41.349844],[0.934508,41.350391],[0.939715,41.349339],[0.942028,41.350052],[0.945214,41.349979],[0.948504,41.352207],[0.950997,41.352518],[0.952161,41.351811],[0.955517,41.351975],[0.959911,41.354867],[0.964644,41.35547],[0.967174,41.359524],[0.963418,41.360663],[0.963914,41.361735],[0.962652,41.362409],[0.963576,41.364439],[0.962614,41.368074],[0.96488,41.368581],[0.965527,41.369595],[0.971705,41.373875],[0.972895,41.374176],[0.972942,41.378874],[0.973941,41.381721],[0.975285,41.383566],[0.978649,41.385205],[0.978733,41.386382],[0.979774,41.386589],[0.982003,41.392149],[0.992021,41.388596],[0.992853,41.389485],[0.992736,41.390705],[0.994001,41.391246],[0.993321,41.393809],[0.998668,41.399089],[1.004005,41.400317],[1.002842,41.400457],[1.001375,41.402084],[1.001585,41.403553],[1.00272,41.404117],[1.002843,41.404761],[1.006234,41.405823],[1.013037,41.403847],[1.014262,41.404327],[1.015907,41.404233],[1.021174,41.40585],[1.024484,41.409093],[1.027325,41.409777],[1.029965,41.416474],[1.031176,41.416918],[1.032023,41.418031],[1.03239,41.419135],[1.03124,41.421229],[1.038136,41.421698],[1.040229,41.425352],[1.040216,41.428027],[1.042924,41.430408],[1.04303,41.431332],[1.044586,41.433078],[1.045118,41.436049],[1.046666,41.437084],[1.046195,41.439901],[1.049571,41.441329],[1.049627,41.442231],[1.050709,41.442895],[1.052098,41.443021],[1.055997,41.44222],[1.056191,41.442844],[1.058684,41.443674],[1.05845,41.444709],[1.059421,41.446845],[1.06272,41.448313],[1.061523,41.449076],[1.063362,41.45073],[1.06311,41.452252],[1.064423,41.454691],[1.068727,41.455943],[1.07043,41.455622],[1.075474,41.4599],[1.072473,41.463005],[1.068495,41.4641],[1.066064,41.4637],[1.064177,41.465109],[1.057293,41.466253],[1.043335,41.475093],[1.043084,41.476452],[1.037713,41.479991],[1.04633,41.484343],[1.04801,41.487471],[1.04713,41.490068],[1.046126,41.491265],[1.044694,41.491532],[1.042146,41.493315],[1.037675,41.497866],[1.040104,41.501103],[1.04291,41.500374],[1.05019,41.496498],[1.050654,41.495689],[1.056785,41.493563],[1.060096,41.491168],[1.060404,41.48996],[1.065275,41.487239],[1.06995,41.48674],[1.078745,41.483583],[1.082864,41.479195],[1.091608,41.47602],[1.094286,41.477474],[1.105181,41.474806],[1.106527,41.472993],[1.106649,41.470945],[1.107367,41.469992],[1.107304,41.469004],[1.108328,41.468157],[1.108495,41.466818],[1.112529,41.467007],[1.113095,41.468202],[1.114144,41.468876],[1.116914,41.468948],[1.116981,41.469819],[1.118702,41.469955],[1.120059,41.469456],[1.121445,41.471117],[1.130082,41.473823],[1.129695,41.475089],[1.130885,41.476847],[1.160799,41.481773],[1.170169,41.485224],[1.172796,41.486965],[1.175143,41.486961],[1.176729,41.4863],[1.1813,41.488105],[1.177492,41.49443],[1.177629,41.495452],[1.176179,41.497666],[1.175959,41.498898],[1.176452,41.500051],[1.175977,41.501599],[1.17194,41.502889],[1.170978,41.50414],[1.167883,41.504819],[1.166161,41.506908],[1.165762,41.508912],[1.164982,41.508706],[1.16455,41.513359],[1.164842,41.514348],[1.1665,41.51816],[1.169512,41.518231],[1.170963,41.519367],[1.171537,41.520462],[1.173672,41.531298],[1.171819,41.531735],[1.17037,41.531004],[1.16678,41.532386],[1.165007,41.534449],[1.165461,41.534613],[1.167657,41.533173],[1.170726,41.532621],[1.176611,41.533757],[1.176201,41.534826],[1.167145,41.536938],[1.16827,41.540463],[1.17142,41.540609],[1.181036,41.543465],[1.18657,41.543588],[1.193174,41.542842],[1.197008,41.543386],[1.211119,41.548596],[1.213664,41.552906],[1.214291,41.56033],[1.217318,41.562442],[1.216501,41.567191],[1.220217,41.569575],[1.232331,41.569264],[1.234808,41.571199],[1.240968,41.569684],[1.244352,41.568271],[1.245712,41.568896],[1.246791,41.57054],[1.248293,41.569863],[1.2519,41.571278],[1.251503,41.572355],[1.252881,41.571431],[1.257325,41.571725],[1.259493,41.567503],[1.273109,41.572156],[1.277032,41.5702],[1.294519,41.566656],[1.297528,41.567732],[1.298632,41.568654],[1.30335,41.569819],[1.304984,41.571684],[1.312911,41.569],[1.346705,41.568004],[1.367024,41.56617],[1.370158,41.565006],[1.372054,41.565384],[1.380813,41.561223],[1.381186,41.55984],[1.383558,41.55875],[1.38372,41.557069],[1.384929,41.55651],[1.39226,41.556427],[1.403802,41.558155],[1.402614,41.564314],[1.395828,41.567312],[1.395312,41.570303],[1.393804,41.572639],[1.393805,41.57425],[1.393203,41.575084],[1.395824,41.577486],[1.410916,41.575476],[1.412571,41.580229],[1.415813,41.582391],[1.420036,41.582598],[1.427156,41.58009],[1.433524,41.578863],[1.436068,41.576271],[1.4409,41.575381],[1.44553,41.573842],[1.44783,41.573807],[1.449775,41.572102],[1.454838,41.569177],[1.439965,41.562983],[1.431383,41.555652],[1.432497,41.553196],[1.432699,41.551414],[1.434869,41.550205],[1.438046,41.550037],[1.447077,41.55238],[1.449642,41.545392],[1.448938,41.537064],[1.436539,41.539227],[1.425957,41.531865],[1.409077,41.53492],[1.408307,41.534166],[1.406423,41.533599],[1.405011,41.532041],[1.405055,41.530581],[1.402975,41.530832],[1.402107,41.529163],[1.399894,41.52851],[1.40103,41.527071],[1.401127,41.5255],[1.399815,41.523822],[1.400883,41.521197],[1.39833,41.519764],[1.398282,41.518181],[1.399149,41.515762],[1.39897,41.514013],[1.396701,41.512884],[1.401293,41.51206],[1.404959,41.506598],[1.407676,41.506025],[1.408333,41.505118],[1.411673,41.504746],[1.412686,41.505202],[1.413792,41.504899],[1.415678,41.505339],[1.419113,41.502308],[1.422178,41.503342],[1.422896,41.49965],[1.437343,41.498291],[1.446398,41.494807],[1.450123,41.492186],[1.451591,41.490023],[1.452309,41.486348],[1.453897,41.487682],[1.460368,41.488277],[1.464314,41.4868],[1.465961,41.483936],[1.469764,41.484562],[1.474287,41.48625],[1.476525,41.482588],[1.475028,41.479459],[1.479942,41.476062],[1.484915,41.474913],[1.484995,41.472092],[1.48619,41.471883],[1.485959,41.471487],[1.486557,41.470608],[1.486001,41.470009],[1.486886,41.469821],[1.4874,41.469117],[1.487525,41.466257],[1.486627,41.465563],[1.487097,41.464744],[1.483531,41.457824],[1.479587,41.452864],[1.472157,41.447166],[1.468837,41.443955],[1.473908,41.438868],[1.476013,41.436085],[1.479575,41.435513],[1.495554,41.4356],[1.491527,41.435316],[1.490279,41.433718],[1.487112,41.433067],[1.485093,41.432075],[1.48369,41.430293],[1.481577,41.431924],[1.478035,41.433133],[1.475448,41.429444],[1.47663,41.426976],[1.477429,41.42346],[1.480715,41.422368],[1.484148,41.42218],[1.483725,41.42126],[1.484192,41.420567],[1.482204,41.418447],[1.482106,41.416677],[1.485111,41.41394],[1.485426,41.412613],[1.487264,41.409957],[1.48781,41.407126],[1.490518,41.401474],[1.488969,41.400004],[1.48281,41.398597],[1.482533,41.397176],[1.481732,41.396838],[1.481791,41.393523],[1.480829,41.391183],[1.480658,41.387831],[1.477078,41.385504],[1.476577,41.383957],[1.474059,41.382794],[1.473392,41.380749],[1.473939,41.380881],[1.474805,41.382522],[1.476619,41.382127],[1.477849,41.382971],[1.478882,41.381832],[1.48257,41.382615],[1.48483,41.382266],[1.485869,41.38381],[1.488326,41.384254],[1.491748,41.387938],[1.492765,41.387772],[1.494484,41.389641],[1.495197,41.389928],[1.496148,41.389323],[1.50052,41.390647],[1.502853,41.391879],[1.505548,41.391431],[1.506526,41.392779],[1.509642,41.39443],[1.512217,41.39432],[1.515118,41.391847],[1.515548,41.390975],[1.51921,41.388787],[1.523085,41.38777],[1.531445,41.387647],[1.53133,41.387363],[1.532851,41.387051],[1.535638,41.385365],[1.537168,41.38535],[1.542016,41.381322],[1.54213,41.380732],[1.546132,41.379322],[1.547861,41.376174],[1.546979,41.373814],[1.552509,41.368102],[1.554378,41.367992],[1.556211,41.368568],[1.560135,41.367935],[1.563321,41.369735],[1.563616,41.369166],[1.568011,41.369287],[1.56854,41.368655],[1.569704,41.368364],[1.569805,41.367254],[1.570757,41.366513],[1.569379,41.365434],[1.569532,41.364904],[1.570641,41.364528],[1.570853,41.361405],[1.571462,41.361217],[1.573803,41.362393],[1.574446,41.363214],[1.578313,41.362447],[1.578609,41.361231],[1.57754,41.360803],[1.578114,41.360133],[1.578138,41.358438],[1.578967,41.358144],[1.578384,41.357348],[1.579138,41.356337],[1.573966,41.355346],[1.56687,41.350433],[1.559917,41.344812],[1.559011,41.343137],[1.561627,41.342448],[1.566138,41.339639],[1.569547,41.332525],[1.568901,41.330471],[1.570393,41.328061],[1.574073,41.324835],[1.574568,41.322357],[1.573723,41.317277],[1.575102,41.315142],[1.578594,41.315894],[1.587318,41.312232],[1.592728,41.311548],[1.594592,41.310555],[1.59451,41.309721],[1.595857,41.308838],[1.595985,41.307609],[1.591523,41.300871],[1.590302,41.29758],[1.590507,41.295746],[1.588497,41.29398],[1.588574,41.293552],[1.590657,41.293469],[1.592844,41.292141],[1.596207,41.292265],[1.599375,41.289268],[1.604509,41.288944],[1.604722,41.288232],[1.602777,41.287556],[1.603111,41.286721],[1.607047,41.286158],[1.607731,41.287231],[1.609281,41.28534],[1.612408,41.285152],[1.61439,41.287864],[1.614539,41.290495],[1.616717,41.2931],[1.62524,41.296629],[1.628108,41.295993],[1.631559,41.298859],[1.633515,41.298484],[1.637143,41.295943],[1.633763,41.294414],[1.628132,41.294649],[1.627438,41.291076],[1.629894,41.288841],[1.629393,41.28598],[1.628412,41.284264],[1.629536,41.28277],[1.626362,41.281268],[1.626332,41.280009],[1.620358,41.277053],[1.621812,41.276184],[1.624084,41.276245],[1.623961,41.27381],[1.626252,41.272972],[1.62781,41.269513],[1.623222,41.266735],[1.62267,41.263831],[1.624214,41.262545],[1.621327,41.256485],[1.622338,41.254922],[1.620056,41.253691],[1.61807,41.254618],[1.616905,41.252484],[1.613003,41.251625],[1.613098,41.250946],[1.611757,41.25053],[1.606318,41.25038],[1.605598,41.251858],[1.602852,41.253355],[1.597319,41.253405],[1.59955,41.256287],[1.596542,41.255076],[1.595283,41.255495],[1.59656,41.256696],[1.593834,41.257976],[1.594655,41.258959],[1.585383,41.257422],[1.576957,41.258937],[1.570507,41.260724],[1.575367,41.256155],[1.576638,41.251809],[1.575892,41.249668],[1.579053,41.241142],[1.581995,41.237162],[1.583458,41.236068],[1.584415,41.237129],[1.590497,41.235409],[1.5939,41.233931],[1.602907,41.234813],[1.606391,41.233286],[1.609565,41.231108],[1.614563,41.229582],[1.615282,41.228464],[1.614518,41.225912],[1.618121,41.225244],[1.621758,41.223206],[1.624362,41.22293],[1.631435,41.224457],[1.632667,41.228566],[1.634198,41.228963],[1.634459,41.230962],[1.636089,41.231588],[1.638987,41.234606],[1.64133,41.235358],[1.646435,41.228804],[1.6443,41.220381],[1.647966,41.216423],[1.648205,41.212227],[1.653502,41.207404],[1.652607,41.207052],[1.649729,41.208671],[1.646646,41.20857],[1.646893,41.211883],[1.641588,41.211738],[1.641165,41.203741],[1.642594,41.199516],[1.645573,41.195623],[1.634914,41.192902],[1.614705,41.19039],[1.608222,41.188212],[1.608332,41.186238],[1.605772,41.185995],[1.605837,41.187004],[1.606295,41.186302],[1.606487,41.186953],[1.606855,41.186354],[1.606756,41.186992],[1.60724,41.18639],[1.607165,41.18703],[1.607271,41.186392],[1.607625,41.186425],[1.607514,41.187139],[1.607655,41.186428],[1.608099,41.186469],[1.60791,41.187628],[1.606135,41.187258],[1.606339,41.187667],[1.605311,41.188373],[1.59743,41.188541],[1.567565,41.185899],[1.555642,41.184121],[1.548281,41.183684],[1.525141,41.180259],[1.525815,41.178211],[1.526809,41.178398],[1.526997,41.178228],[1.526528,41.178312],[1.526623,41.177936],[1.526243,41.178258],[1.526337,41.177882],[1.52587,41.178188],[1.526052,41.177637],[1.526753,41.177747],[1.526059,41.177616],[1.526839,41.177486],[1.526152,41.177334],[1.52626,41.177008],[1.527347,41.177213],[1.527232,41.177913],[1.527577,41.176871],[1.525518,41.176483],[1.52522,41.177378],[1.526074,41.176973],[1.525683,41.178152],[1.525198,41.177743],[1.52572,41.178192],[1.525047,41.18024],[1.494622,41.173045],[1.485202,41.170236],[1.482219,41.169032],[1.481381,41.167828],[1.480317,41.167417],[1.480261,41.168218],[1.478476,41.168263],[1.473173,41.166335],[1.47138,41.166087],[1.470105,41.166537],[1.465579,41.165548],[1.459684,41.163455],[1.453658,41.160189],[1.442648,41.156123],[1.413977,41.14345],[1.402958,41.139092],[1.402245,41.138488],[1.401732,41.136837],[1.400841,41.136187],[1.400534,41.135],[1.399143,41.134653],[1.398086,41.133278],[1.395718,41.132657],[1.394922,41.131576],[1.394451,41.132086],[1.390267,41.131592],[1.390907,41.132346],[1.390354,41.132893],[1.389378,41.132371],[1.386,41.13279],[1.385912,41.133972],[1.382225,41.134408],[1.372718,41.132977],[1.370465,41.132406],[1.37012,41.131693],[1.370077,41.132033],[1.362139,41.130261],[1.360941,41.129776],[1.360829,41.129106],[1.360422,41.129447],[1.358405,41.128788],[1.358011,41.128228],[1.353816,41.128103],[1.352539,41.127101],[1.351032,41.127456],[1.34974,41.127083],[1.349005,41.128074],[1.346045,41.127692],[1.344506,41.127078],[1.344213,41.126324],[1.343197,41.125824],[1.344048,41.125029],[1.343943,41.124821],[1.342119,41.125161],[1.338678,41.127869],[1.336853,41.127641],[1.336592,41.12836],[1.3304,41.128004],[1.329489,41.128635],[1.327431,41.128624],[1.326404,41.127901],[1.324841,41.127709],[1.323203,41.128231],[1.322807,41.129103],[1.318048,41.129465],[1.307083,41.129069],[1.295688,41.127214],[1.29127,41.125295],[1.291281,41.124659],[1.28864,41.123647],[1.288834,41.123109],[1.287821,41.122984],[1.287499,41.123475],[1.286724,41.123514],[1.284629,41.122737],[1.28402,41.122322],[1.283993,41.121335],[1.282368,41.120926],[1.282134,41.120101],[1.281231,41.119897],[1.279237,41.120496],[1.276694,41.119437],[1.274216,41.11758],[1.274914,41.116159],[1.271932,41.114671],[1.271551,41.113768],[1.270389,41.113123],[1.268567,41.11379],[1.267423,41.112986],[1.266486,41.113022],[1.266211,41.112159],[1.265607,41.11367],[1.26466,41.114451],[1.262546,41.114374],[1.25828,41.113368],[1.255781,41.11207],[1.251966,41.109656],[1.250921,41.108265],[1.249922,41.108321],[1.249335,41.106418],[1.244739,41.101881],[1.242753,41.101171],[1.240389,41.101042],[1.235256,41.099105],[1.226412,41.087641],[1.225292,41.087065],[1.226576,41.089036],[1.223487,41.090592],[1.227021,41.08916],[1.230699,41.093894],[1.230503,41.09459],[1.23123,41.095797],[1.232066,41.09581],[1.233812,41.098062],[1.233411,41.098505],[1.234119,41.098444],[1.233125,41.099587],[1.245384,41.104254],[1.244293,41.105852],[1.244715,41.106603],[1.247424,41.105759],[1.249063,41.108684],[1.24396,41.10975],[1.243813,41.108748],[1.24391,41.109748],[1.24331,41.109857],[1.243322,41.109058],[1.24329,41.109861],[1.242872,41.109908],[1.242586,41.109547],[1.243229,41.108328],[1.242558,41.109451],[1.241854,41.109236],[1.24239,41.108106],[1.241805,41.109224],[1.241124,41.109019],[1.241525,41.10815],[1.241079,41.109005],[1.240402,41.108803],[1.240658,41.108206],[1.240352,41.10879],[1.239567,41.108768],[1.239029,41.108171],[1.23974,41.107797],[1.238574,41.107677],[1.239051,41.107044],[1.241893,41.106117],[1.241406,41.105288],[1.236774,41.106677],[1.236415,41.106025],[1.235941,41.10608],[1.236148,41.10547],[1.236566,41.105547],[1.237217,41.103656],[1.23014,41.100946],[1.228503,41.10534],[1.227962,41.105806],[1.225889,41.105246],[1.226006,41.103959],[1.226386,41.103926],[1.22636,41.104362],[1.226557,41.103813],[1.226119,41.103664],[1.226633,41.102178],[1.227026,41.102107],[1.226944,41.102665],[1.227163,41.102012],[1.22671,41.101904],[1.227085,41.100808],[1.227509,41.100977],[1.227778,41.100201],[1.227217,41.10025],[1.227457,41.099238],[1.226078,41.102885],[1.223739,41.102605],[1.223512,41.103282],[1.224219,41.104471],[1.224097,41.105178],[1.217936,41.105578],[1.213402,41.103644],[1.213497,41.102639],[1.211438,41.101906],[1.211304,41.101413],[1.213096,41.099226],[1.211198,41.101361],[1.210825,41.101278],[1.206531,41.099767],[1.203985,41.098098],[1.20416,41.097849],[1.203138,41.097544],[1.203351,41.097177],[1.203098,41.09752],[1.200054,41.095765],[1.199144,41.094949],[1.199455,41.094447],[1.19711,41.09287],[1.196376,41.091493],[1.190971,41.086394],[1.191916,41.085629],[1.190972,41.086171],[1.190386,41.085879],[1.183523,41.07709],[1.178434,41.068191],[1.178713,41.066637],[1.18042,41.066619],[1.179943,41.066231],[1.181873,41.065151],[1.181973,41.064275],[1.180939,41.063727],[1.180589,41.062156],[1.177004,41.060772],[1.17393,41.057887],[1.173054,41.057584],[1.173647,41.056979],[1.17271,41.055816],[1.170453,41.054642],[1.167818,41.05524],[1.167924,41.056182],[1.167392,41.056571],[1.164751,41.055748],[1.160515,41.055871],[1.161358,41.056859],[1.161501,41.05738],[1.160995,41.057357],[1.16131,41.057953],[1.162037,41.058308],[1.161866,41.058695],[1.161399,41.058533],[1.161864,41.059095],[1.160525,41.059121],[1.161135,41.060238],[1.1609,41.060855],[1.158263,41.061507],[1.157853,41.063971],[1.152056,41.065754],[1.150025,41.065133],[1.148831,41.065827],[1.148018,41.065314],[1.148022,41.066576],[1.148947,41.067423],[1.148724,41.067886],[1.147584,41.068959],[1.14656,41.06877],[1.146035,41.069484],[1.145442,41.069281],[1.144241,41.070349],[1.144746,41.070465],[1.144759,41.071038],[1.143669,41.071933],[1.135889,41.073488],[1.132615,41.07351],[1.132127,41.072969],[1.130542,41.072942],[1.129637,41.073269],[1.131807,41.073155],[1.131662,41.074313],[1.130773,41.074371],[1.130604,41.073905],[1.129962,41.073774],[1.13018,41.074269],[1.129045,41.07486],[1.126081,41.074943],[1.118751,41.073964],[1.113322,41.072305],[1.113248,41.071935],[1.111864,41.072231],[1.104231,41.07079],[1.094301,41.067811],[1.083553,41.063791],[1.081631,41.063757],[1.079403,41.064442],[1.078237,41.063929],[1.075399,41.064645],[1.075253,41.065155],[1.073755,41.065886],[1.069167,41.066103],[1.065156,41.064851],[1.065295,41.063617],[1.063519,41.061748],[1.061894,41.060908],[1.061744,41.061241],[1.06385,41.062386],[1.063487,41.063867],[1.06385,41.06303],[1.064402,41.063115],[1.064114,41.064206],[1.064388,41.063296],[1.064767,41.063481],[1.064552,41.064292],[1.065078,41.063811],[1.064866,41.064612],[1.064143,41.064409],[1.06486,41.06464],[1.064238,41.064852],[1.064779,41.064957],[1.06432,41.065163],[1.064667,41.065329],[1.064223,41.065423],[1.063794,41.064436],[1.064031,41.06524],[1.063084,41.065565],[1.062937,41.064919],[1.062407,41.065526],[1.062664,41.064608],[1.062384,41.065521],[1.062042,41.065447],[1.062294,41.064526],[1.062019,41.065441],[1.058847,41.064575],[1.058581,41.063954],[1.059777,41.063067],[1.061972,41.062938],[1.061865,41.062505],[1.059655,41.062782],[1.057603,41.064019],[1.054007,41.063718],[1.052615,41.06467],[1.049769,41.064373],[1.04835,41.063644],[1.048787,41.062924],[1.047417,41.062407],[1.047847,41.062695],[1.047634,41.063059],[1.04657,41.063182],[1.045458,41.062631],[1.04553,41.062153],[1.046059,41.062121],[1.045354,41.061599],[1.045215,41.062092],[1.044261,41.061878],[1.043868,41.060952],[1.044689,41.060738],[1.042996,41.060097],[1.043535,41.060763],[1.042333,41.061099],[1.04016,41.060108],[1.039677,41.0588],[1.040836,41.058723],[1.03925,41.057976],[1.038697,41.05783],[1.039186,41.058333],[1.037965,41.058868],[1.036768,41.058665],[1.036404,41.058139],[1.034963,41.058418],[1.033998,41.05736],[1.034295,41.056839],[1.034969,41.056909],[1.032835,41.05601],[1.033263,41.056434],[1.032539,41.056884],[1.030265,41.056433],[1.02915,41.055685],[1.028863,41.054733],[1.028317,41.055062],[1.026065,41.054323],[1.023319,41.051673],[1.018837,41.051514],[1.013401,41.049174],[1.00412,41.04305],[1.000637,41.043279],[0.9951,41.042382],[0.992895,41.042712],[0.986599,41.040265],[0.979526,41.035997],[0.971888,41.030022],[0.967082,41.028603],[0.953951,41.018041],[0.949869,41.0134],[0.939683,41.004663],[0.936464,40.999721],[0.932982,40.991736],[0.924146,40.988461],[0.919584,40.988689],[0.914107,40.985912],[0.908471,40.981646],[0.904562,40.977231],[0.901873,40.975963],[0.898698,40.975322],[0.893806,40.969932],[0.891362,40.966756],[0.891501,40.966101],[0.890234,40.966577],[0.88861,40.964614],[0.888013,40.964753],[0.887637,40.96362],[0.88643,40.962895],[0.886261,40.96184],[0.885006,40.961916],[0.884777,40.96124],[0.881445,40.959948],[0.880253,40.958241],[0.880188,40.956127],[0.87829,40.954561],[0.878765,40.954348],[0.873461,40.950789],[0.87256,40.951034],[0.868508,40.949577],[0.866143,40.949549],[0.865519,40.948633],[0.863008,40.946933],[0.86049,40.943669],[0.858166,40.936199],[0.858309,40.934781],[0.856602,40.934974],[0.854791,40.93337],[0.853786,40.933292],[0.85188,40.931309],[0.851873,40.930769],[0.851157,40.930662],[0.851434,40.929901],[0.852589,40.929168],[0.851056,40.926929],[0.852222,40.929056],[0.851482,40.929644],[0.851634,40.929208],[0.85116,40.929388],[0.849559,40.927887],[0.849987,40.927221],[0.849114,40.926598],[0.847546,40.926641],[0.848286,40.92606],[0.847903,40.925375],[0.846111,40.924566],[0.844711,40.922974],[0.843314,40.922655],[0.843249,40.921315],[0.842446,40.921195],[0.841524,40.921832],[0.841038,40.920899],[0.838,40.919802],[0.837962,40.919212],[0.836596,40.918978],[0.836917,40.91856],[0.836426,40.918247],[0.836984,40.917987],[0.836248,40.917382],[0.836683,40.916292],[0.83626,40.915457],[0.836702,40.914882],[0.836144,40.914212],[0.835607,40.914142],[0.836297,40.915017],[0.834515,40.91528],[0.833558,40.916172],[0.834245,40.915163],[0.835775,40.914876],[0.835095,40.914598],[0.835416,40.91437],[0.834668,40.914373],[0.834498,40.913749],[0.83396,40.913804],[0.833963,40.9134],[0.832332,40.913133],[0.832602,40.911883],[0.833638,40.912028],[0.833839,40.91169],[0.832798,40.91131],[0.832836,40.910679],[0.831915,40.910452],[0.830027,40.910856],[0.829704,40.910653],[0.830149,40.909849],[0.829593,40.909711],[0.830042,40.909326],[0.829285,40.909451],[0.828029,40.908336],[0.826888,40.90832],[0.826742,40.907822],[0.827525,40.907448],[0.826503,40.90689],[0.82648,40.906242],[0.827604,40.905689],[0.826365,40.904523],[0.826948,40.904198],[0.826866,40.903349],[0.825737,40.903454],[0.825531,40.9029],[0.824216,40.902695],[0.82415,40.902312],[0.825067,40.90211],[0.825125,40.901462],[0.818636,40.89593],[0.81784,40.893286],[0.816119,40.893753],[0.816038,40.893153],[0.816955,40.892608],[0.816894,40.892126],[0.814208,40.891962],[0.81313,40.890889],[0.812441,40.890796],[0.812455,40.890017],[0.81031,40.889357],[0.810072,40.888237],[0.80865,40.88779],[0.808018,40.886923],[0.807065,40.887069],[0.806934,40.886569],[0.808039,40.886359],[0.807974,40.885725],[0.805423,40.884527],[0.805399,40.882584],[0.803874,40.88035],[0.803386,40.880886],[0.805052,40.882966],[0.804275,40.883152],[0.803929,40.882397],[0.802002,40.882905],[0.802268,40.882236],[0.801217,40.88159],[0.801349,40.881291],[0.803153,40.881595],[0.800654,40.880727],[0.800931,40.879575],[0.800114,40.879012],[0.801077,40.878714],[0.80059,40.878461],[0.799709,40.878915],[0.799902,40.878379],[0.799344,40.878329],[0.799626,40.877725],[0.798133,40.877552],[0.798655,40.876482],[0.797051,40.87598],[0.795992,40.876152],[0.797065,40.874434],[0.796662,40.874044],[0.795785,40.874616],[0.794978,40.874232],[0.795946,40.872294],[0.795518,40.871425],[0.795792,40.871137],[0.794868,40.870478],[0.795322,40.869778],[0.794233,40.869459],[0.793767,40.868653],[0.79264,40.870735],[0.790389,40.871418],[0.792222,40.87045],[0.793231,40.868902],[0.79217,40.868254],[0.792274,40.866707],[0.78964,40.865566],[0.787944,40.865922],[0.786507,40.864049],[0.781849,40.862032],[0.781372,40.861013],[0.779161,40.86044],[0.778689,40.859475],[0.778003,40.859674],[0.775185,40.858763],[0.772492,40.859053],[0.772202,40.85859],[0.769681,40.858032],[0.76769,40.855404],[0.766667,40.855122],[0.766491,40.854297],[0.764442,40.851985],[0.764515,40.851405],[0.763464,40.850685],[0.763611,40.84931],[0.764264,40.848947],[0.763592,40.847445],[0.762566,40.847406],[0.762621,40.846524],[0.758634,40.847734],[0.751966,40.846273],[0.752253,40.846113],[0.751826,40.845496],[0.749228,40.842736],[0.749933,40.841784],[0.748678,40.840339],[0.746935,40.839081],[0.745456,40.83893],[0.745373,40.837672],[0.741834,40.829358],[0.742596,40.82711],[0.74237,40.825406],[0.741704,40.824941],[0.741608,40.82325],[0.739246,40.823833],[0.735489,40.823846],[0.732586,40.820491],[0.732972,40.818722],[0.726654,40.816811],[0.725494,40.817271],[0.722352,40.815986],[0.721709,40.814881],[0.719814,40.813637],[0.718281,40.813569],[0.717032,40.812646],[0.715214,40.812768],[0.712393,40.810859],[0.712901,40.811671],[0.711689,40.812053],[0.709368,40.810813],[0.708459,40.810887],[0.706908,40.810054],[0.705579,40.808332],[0.705535,40.807541],[0.704181,40.806639],[0.703916,40.805927],[0.702535,40.805395],[0.702021,40.805736],[0.700116,40.804293],[0.700158,40.8025],[0.702112,40.797781],[0.705974,40.791389],[0.711246,40.785843],[0.70965,40.785912],[0.711128,40.785648],[0.715186,40.781501],[0.718707,40.779001],[0.721429,40.778516],[0.72144,40.778093],[0.723118,40.776941],[0.722636,40.775955],[0.724436,40.775303],[0.725684,40.773481],[0.72882,40.770478],[0.730248,40.77037],[0.731361,40.769099],[0.740618,40.765413],[0.741394,40.765711],[0.747841,40.764322],[0.750384,40.764448],[0.75143,40.763477],[0.761633,40.762514],[0.761903,40.762054],[0.763564,40.762099],[0.767911,40.763777],[0.769698,40.763134],[0.772161,40.763962],[0.772249,40.764876],[0.772824,40.764579],[0.774771,40.765694],[0.775016,40.765219],[0.776061,40.767777],[0.77756,40.76663],[0.777226,40.767649],[0.777814,40.767359],[0.777188,40.768632],[0.779058,40.76841],[0.778775,40.767806],[0.781272,40.768371],[0.782428,40.767883],[0.784303,40.770245],[0.785029,40.769672],[0.784245,40.772138],[0.781238,40.774668],[0.773177,40.778948],[0.765546,40.779775],[0.76558,40.780379],[0.762887,40.780726],[0.76262,40.781455],[0.761239,40.781528],[0.757649,40.78343],[0.749146,40.786642],[0.74602,40.787104],[0.74385,40.786434],[0.742038,40.787926],[0.739417,40.788309],[0.736692,40.787669],[0.737537,40.788784],[0.735732,40.788094],[0.73609,40.789191],[0.734354,40.789076],[0.731942,40.787913],[0.731522,40.78823],[0.733714,40.789502],[0.740064,40.790531],[0.741205,40.79124],[0.74106,40.791596],[0.744085,40.792092],[0.760505,40.793288],[0.767098,40.792107],[0.774049,40.789521],[0.779283,40.785711],[0.796363,40.766102],[0.813577,40.750035],[0.822773,40.740238],[0.831154,40.733611],[0.837297,40.730516],[0.843503,40.729535],[0.854294,40.730056],[0.855059,40.729346],[0.844033,40.728859],[0.84412,40.728316],[0.846488,40.727103],[0.851073,40.725526],[0.850422,40.72553],[0.852832,40.724009],[0.857107,40.723216],[0.857932,40.723757],[0.857653,40.72282],[0.857067,40.722742],[0.859532,40.72238],[0.859051,40.723457],[0.860911,40.723288],[0.86303,40.72165],[0.865125,40.721453],[0.868058,40.724064],[0.870323,40.727807],[0.871369,40.730539],[0.874484,40.734016],[0.88208,40.725799],[0.886646,40.71946],[0.887795,40.719258],[0.884253,40.714948],[0.880831,40.70801],[0.87561,40.699803],[0.869982,40.694175],[0.854024,40.682355],[0.841747,40.675794],[0.827682,40.669795],[0.818102,40.66671],[0.812825,40.665633],[0.793974,40.658997],[0.791804,40.660751],[0.791789,40.660285],[0.791239,40.660206],[0.793232,40.658633],[0.792949,40.658426],[0.779008,40.653005],[0.765783,40.646196],[0.75685,40.64084],[0.750354,40.635046],[0.730311,40.612253],[0.711925,40.588821],[0.706806,40.583402],[0.693096,40.571476],[0.685851,40.567089],[0.676334,40.562575],[0.664347,40.558462],[0.650197,40.55512],[0.634401,40.554059],[0.627455,40.554216],[0.619062,40.555335],[0.612048,40.557742],[0.604457,40.562618],[0.598124,40.570696],[0.597968,40.574176],[0.599645,40.575711],[0.602535,40.575205],[0.605279,40.578361],[0.607158,40.578809],[0.605377,40.577981],[0.607701,40.577278],[0.607823,40.576247],[0.608666,40.577203],[0.61112,40.578477],[0.612511,40.577766],[0.612597,40.575422],[0.612966,40.575889],[0.612872,40.575478],[0.613562,40.575572],[0.613946,40.576345],[0.616754,40.576049],[0.616609,40.575549],[0.61643,40.57596],[0.616969,40.573475],[0.617703,40.572416],[0.618202,40.572679],[0.618899,40.572252],[0.617259,40.574682],[0.616574,40.57908],[0.615854,40.577976],[0.616164,40.580238],[0.616646,40.580834],[0.617275,40.580687],[0.616805,40.581828],[0.617323,40.582892],[0.616839,40.583774],[0.617156,40.584169],[0.616563,40.584782],[0.617235,40.586509],[0.627508,40.58251],[0.628063,40.58162],[0.628149,40.58213],[0.631703,40.581649],[0.632067,40.582277],[0.634761,40.58186],[0.634502,40.582307],[0.635206,40.581998],[0.634661,40.582637],[0.63581,40.582691],[0.636869,40.581523],[0.637931,40.582362],[0.641814,40.582538],[0.641908,40.582957],[0.643176,40.583015],[0.64316,40.58361],[0.644732,40.58448],[0.651874,40.585479],[0.653904,40.585026],[0.655285,40.583921],[0.655208,40.583383],[0.656293,40.582043],[0.655787,40.583382],[0.655995,40.584824],[0.655141,40.584736],[0.654576,40.585204],[0.655135,40.586808],[0.656627,40.589245],[0.660497,40.591771],[0.662073,40.591848],[0.663108,40.591111],[0.667684,40.591838],[0.67259,40.592971],[0.672644,40.593312],[0.673777,40.592446],[0.679595,40.59145],[0.683899,40.589593],[0.687906,40.589853],[0.689683,40.601963],[0.688283,40.590047],[0.691057,40.589147],[0.696711,40.589715],[0.697564,40.589119],[0.699046,40.589423],[0.699073,40.589909],[0.700431,40.589891],[0.700549,40.590337],[0.703934,40.589798],[0.706525,40.591578],[0.711488,40.592237],[0.714301,40.595028],[0.713973,40.595501],[0.714952,40.595919],[0.71481,40.596563],[0.715578,40.596969],[0.738439,40.624482],[0.741991,40.630311],[0.743073,40.630419],[0.742497,40.63068],[0.742212,40.632977],[0.743337,40.634291],[0.746292,40.636177],[0.74301,40.636897],[0.743315,40.637284],[0.741085,40.6382],[0.739608,40.638428],[0.740668,40.637513],[0.739459,40.637443],[0.739321,40.638584],[0.73528,40.639461],[0.738536,40.637844],[0.735924,40.637864],[0.73492,40.639149],[0.735821,40.640479],[0.734621,40.639302],[0.733593,40.639957],[0.734499,40.642208],[0.733157,40.640394],[0.733394,40.63892],[0.73294,40.63842],[0.731533,40.639062],[0.727289,40.639278],[0.726767,40.640088],[0.726992,40.641775],[0.725969,40.640826],[0.726264,40.639978],[0.722272,40.638981],[0.717902,40.638827],[0.71739,40.640248],[0.71763,40.639466],[0.716941,40.638982],[0.714464,40.639098],[0.713281,40.638641],[0.712523,40.639054],[0.713142,40.637646],[0.711786,40.638987],[0.707856,40.635267],[0.70845,40.636385],[0.707694,40.637236],[0.704209,40.638573],[0.702326,40.638723],[0.701249,40.637632],[0.701158,40.638339],[0.700176,40.638325],[0.700528,40.63806],[0.699676,40.637412],[0.695569,40.637102],[0.695087,40.636307],[0.694776,40.637724],[0.69341,40.639541],[0.693943,40.640622],[0.692483,40.63903],[0.693482,40.636784],[0.688136,40.635657],[0.687112,40.636169],[0.686926,40.636867],[0.686404,40.636613],[0.687742,40.635372],[0.685866,40.634576],[0.683383,40.639305],[0.684439,40.636569],[0.683457,40.636339],[0.682849,40.635393],[0.684193,40.634469],[0.681098,40.634073],[0.678888,40.633223],[0.67743,40.63209],[0.669227,40.628643],[0.666048,40.630049],[0.6674,40.628512],[0.663662,40.626523],[0.654036,40.626657],[0.646163,40.623816],[0.639009,40.622666],[0.626887,40.621661],[0.614738,40.622996],[0.607055,40.622787],[0.602938,40.62206],[0.599261,40.620033],[0.598467,40.620435],[0.598181,40.619989],[0.598985,40.619475],[0.59874,40.619094],[0.602252,40.616267],[0.599005,40.613958],[0.598716,40.614194],[0.60177,40.616112],[0.599861,40.617648],[0.598939,40.617082],[0.600066,40.6179],[0.59857,40.619106],[0.595375,40.616814],[0.595748,40.616514],[0.593947,40.616816],[0.594859,40.616034],[0.593916,40.616782],[0.594553,40.615907],[0.593653,40.61659],[0.594232,40.615795],[0.593249,40.616284],[0.594611,40.6155],[0.596629,40.616089],[0.595957,40.615056],[0.595603,40.61534],[0.594952,40.614867],[0.598721,40.611842],[0.603872,40.609947],[0.603645,40.609639],[0.60461,40.609123],[0.59889,40.611551],[0.595559,40.614225],[0.592409,40.613833],[0.590237,40.61285],[0.589828,40.612029],[0.58858,40.611469],[0.586866,40.608934],[0.58602,40.608688],[0.585622,40.607437],[0.582385,40.605848],[0.581689,40.604194],[0.58142,40.604523],[0.58041,40.604097],[0.580136,40.602804],[0.577731,40.600231],[0.575973,40.599405],[0.575956,40.598376],[0.571749,40.596266],[0.571908,40.595528],[0.567855,40.592759],[0.567948,40.592185],[0.566875,40.591513],[0.566235,40.590253],[0.565406,40.590226],[0.563069,40.588399],[0.562573,40.586811],[0.561088,40.585807],[0.560859,40.584867],[0.559715,40.58416],[0.559526,40.583492],[0.556428,40.58194],[0.550392,40.576403],[0.550383,40.575934],[0.548198,40.574424],[0.550094,40.572094],[0.552668,40.57298],[0.550402,40.571896],[0.551923,40.570048],[0.554913,40.570992],[0.551648,40.569778],[0.547834,40.573785],[0.546076,40.573163],[0.544248,40.571187],[0.54174,40.569887],[0.54308,40.568424],[0.541607,40.569527],[0.538205,40.567613],[0.536587,40.563274],[0.535241,40.561693],[0.535511,40.560736],[0.534148,40.55867],[0.534212,40.556503],[0.532109,40.553535],[0.532767,40.552597],[0.532414,40.551814],[0.532545,40.552552],[0.531878,40.553028],[0.531584,40.55279],[0.532092,40.552415],[0.531355,40.55261],[0.531968,40.552186],[0.53131,40.552575],[0.531004,40.552265],[0.531696,40.551926],[0.530967,40.55223],[0.530371,40.551491],[0.531342,40.551123],[0.531638,40.551519],[0.531673,40.550985],[0.534239,40.551918],[0.531703,40.550726],[0.530296,40.551048],[0.525471,40.546499],[0.522842,40.543077],[0.52211,40.541412],[0.522836,40.540393],[0.521718,40.537525],[0.519366,40.534113],[0.51814,40.531428],[0.516822,40.526994],[0.515541,40.525068],[0.515499,40.522919],[0.509156,40.524399],[0.506563,40.526053],[0.501206,40.526335],[0.498794,40.52784],[0.493282,40.528079],[0.487025,40.529187],[0.482135,40.531848],[0.479715,40.532308],[0.477233,40.532031],[0.476174,40.533187],[0.474119,40.53408],[0.460711,40.537545],[0.455271,40.540833],[0.450584,40.541926],[0.448991,40.541291]]],[[[0.737331,40.787034],[0.738072,40.786083],[0.73702,40.786973],[0.737331,40.787034]]],[[[0.853204,40.724509],[0.852079,40.725106],[0.85267,40.725087],[0.853204,40.724509]]],[[[0.860083,40.729026],[0.857371,40.730076],[0.861153,40.729511],[0.864121,40.725359],[0.863287,40.724875],[0.862987,40.72601],[0.860083,40.729026]]],[[[1.633587,41.313481],[1.64126,41.31255],[1.642852,41.312944],[1.642512,41.312032],[1.640284,41.31042],[1.635682,41.309508],[1.629325,41.310645],[1.633587,41.313481]]]]}}]}